"0","dim(genotypes)"
"1","[1]"
"1"," 2782"
"1","  986"
"1","
"
"0","dim(snp_positions)"
"1","[1]"
"1"," 983"
"1","  15"
"1","
"
"0","names(genotypes)"
"1","  [1]"
"1"," ""Sample_ID""     "
"1"," ""JG_OTU""        "
"1"," ""Group""         "
"1"," ""abph1.20""      "
"1"," ""abph1.22""      "
"1","
"
"1","  [6]"
"1"," ""ae1.3""         "
"1"," ""ae1.4""         "
"1"," ""ae1.5""         "
"1"," ""an1.4""         "
"1"," ""ba1.6""         "
"1","
"
"1"," [11]"
"1"," ""ba1.9""         "
"1"," ""bt2.5""         "
"1"," ""bt2.7""         "
"1"," ""bt2.8""         "
"1"," ""Fea2.1""        "
"1","
"
"1"," [16]"
"1"," ""Fea2.5""        "
"1"," ""id1.3""         "
"1"," ""lg2.11""        "
"1"," ""lg2.2""         "
"1"," ""pbf1.1""        "
"1","
"
"1"," [21]"
"1"," ""pbf1.2""        "
"1"," ""pbf1.3""        "
"1"," ""pbf1.5""        "
"1"," ""pbf1.6""        "
"1"," ""pbf1.7""        "
"1","
"
"1"," [26]"
"1"," ""pbf1.8""        "
"1"," ""PZA00003.11""   "
"1"," ""PZA00004.2""    "
"1"," ""PZA00005.8""    "
"1"," ""PZA00005.9""    "
"1","
"
"1"," [31]"
"1"," ""PZA00006.13""   "
"1"," ""PZA00006.14""   "
"1"," ""PZA00008.1""    "
"1"," ""PZA00010.5""    "
"1"," ""PZA00013.10""   "
"1","
"
"1"," [36]"
"1"," ""PZA00013.11""   "
"1"," ""PZA00013.9""    "
"1"," ""PZA00015.4""    "
"1"," ""PZA00017.1""    "
"1"," ""PZA00018.5""    "
"1","
"
"1"," [41]"
"1"," ""PZA00029.11""   "
"1"," ""PZA00029.12""   "
"1"," ""PZA00030.11""   "
"1"," ""PZA00031.5""    "
"1"," ""PZA00041.3""    "
"1","
"
"1"," [46]"
"1"," ""PZA00042.2""    "
"1"," ""PZA00042.5""    "
"1"," ""PZA00043.7""    "
"1"," ""PZA00045.1""    "
"1"," ""PZA00047.2""    "
"1","
"
"1"," [51]"
"1"," ""PZA00049.12""   "
"1"," ""PZA00050.9""    "
"1"," ""PZA00051.2""    "
"1"," ""PZA00058.5""    "
"1"," ""PZA00058.6""    "
"1","
"
"1"," [56]"
"1"," ""PZA00060.2""    "
"1"," ""PZA00061.1""    "
"1"," ""PZA00065.2""    "
"1"," ""PZA00069.4""    "
"1"," ""PZA00070.5""    "
"1","
"
"1"," [61]"
"1"," ""PZA00078.2""    "
"1"," ""PZA00079.1""    "
"1"," ""PZA00081.17""   "
"1"," ""PZA00084.2""    "
"1"," ""PZA00084.3""    "
"1","
"
"1"," [66]"
"1"," ""PZA00086.8""    "
"1"," ""PZA00088.3""    "
"1"," ""PZA00090.2""    "
"1"," ""PZA00092.1""    "
"1"," ""PZA00092.5""    "
"1","
"
"1"," [71]"
"1"," ""PZA00093.2""    "
"1"," ""PZA00096.26""   "
"1"," ""PZA00097.13""   "
"1"," ""PZA00098.14""   "
"1"," ""PZA00100.10""   "
"1","
"
"1"," [76]"
"1"," ""PZA00100.12""   "
"1"," ""PZA00100.14""   "
"1"," ""PZA00100.9""    "
"1"," ""PZA00103.20""   "
"1"," ""PZA00106.9""    "
"1","
"
"1"," [81]"
"1"," ""PZA00107.18""   "
"1"," ""PZA00108.12""   "
"1"," ""PZA00108.14""   "
"1"," ""PZA00108.15""   "
"1"," ""PZA00109.3""    "
"1","
"
"1"," [86]"
"1"," ""PZA00109.5""    "
"1"," ""PZA00111.2""    "
"1"," ""PZA00111.4""    "
"1"," ""PZA00111.5""    "
"1"," ""PZA00111.6""    "
"1","
"
"1"," [91]"
"1"," ""PZA00111.8""    "
"1"," ""PZA00114.3""    "
"1"," ""PZA00116.2""    "
"1"," ""PZA00119.4""    "
"1"," ""PZA00120.4""    "
"1","
"
"1"," [96]"
"1"," ""PZA00123.1""    "
"1"," ""PZA00125.2""    "
"1"," ""PZA00131.14""   "
"1"," ""PZA00132.17""   "
"1"," ""PZA00132.18""   "
"1","
"
"1","[101]"
"1"," ""PZA00132.3""    "
"1"," ""PZA00135.6""    "
"1"," ""PZA00137.2""    "
"1"," ""PZA00139.14""   "
"1"," ""PZA00140.10""   "
"1","
"
"1","[106]"
"1"," ""PZA00140.6""    "
"1"," ""PZA00140.9""    "
"1"," ""PZA00142.6""    "
"1"," ""PZA00148.2""    "
"1"," ""PZA00153.3""    "
"1","
"
"1","[111]"
"1"," ""PZA00153.6""    "
"1"," ""PZA00163.4""    "
"1"," ""PZA00164.1""    "
"1"," ""PZA00164.2""    "
"1"," ""PZA00164.3""    "
"1","
"
"1","[116]"
"1"," ""PZA00166.1""    "
"1"," ""PZA00166.3""    "
"1"," ""PZA00170.1""    "
"1"," ""PZA00170.3""    "
"1"," ""PZA00170.4""    "
"1","
"
"1","[121]"
"1"," ""PZA00174.1""    "
"1"," ""PZA00174.2""    "
"1"," ""PZA00175.2""    "
"1"," ""PZA00176.8""    "
"1"," ""PZA00177.4""    "
"1","
"
"1","[126]"
"1"," ""PZA00178.3""    "
"1"," ""PZA00182.3""    "
"1"," ""PZA00182.4""    "
"1"," ""PZA00184.1""    "
"1"," ""PZA00184.4""    "
"1","
"
"1","[131]"
"1"," ""PZA00188.1""    "
"1"," ""PZA00188.3""    "
"1"," ""PZA00191.5""    "
"1"," ""PZA00192.6""    "
"1"," ""PZA00192.7""    "
"1","
"
"1","[136]"
"1"," ""PZA00193.2""    "
"1"," ""PZA00198.39""   "
"1"," ""PZA00200.11""   "
"1"," ""PZA00200.17""   "
"1"," ""PZA00200.9""    "
"1","
"
"1","[141]"
"1"," ""PZA00201.2""    "
"1"," ""PZA00204.1""    "
"1"," ""PZA00210.1""    "
"1"," ""PZA00210.6""    "
"1"," ""PZA00211.7""    "
"1","
"
"1","[146]"
"1"," ""PZA00212.1""    "
"1"," ""PZA00213.19""   "
"1"," ""PZA00214.1""    "
"1"," ""PZA00216.9""    "
"1"," ""PZA00218.1""    "
"1","
"
"1","[151]"
"1"," ""PZA00218.6""    "
"1"," ""PZA00219.7""    "
"1"," ""PZA00220.11""   "
"1"," ""PZA00220.12""   "
"1"," ""PZA00221.7""    "
"1","
"
"1","[156]"
"1"," ""PZA00225.8""    "
"1"," ""PZA00226.7""    "
"1"," ""PZA00227.8""    "
"1"," ""PZA00230.5""    "
"1"," ""PZA00232.24""   "
"1","
"
"1","[161]"
"1"," ""PZA00234.21""   "
"1"," ""PZA00235.6""    "
"1"," ""PZA00235.8""    "
"1"," ""PZA00237.2""    "
"1"," ""PZA00237.7""    "
"1","
"
"1","[166]"
"1"," ""PZA00237.8""    "
"1"," ""PZA00238.3""    "
"1"," ""PZA00240.9""    "
"1"," ""PZA00241.6""    "
"1"," ""PZA00243.27""   "
"1","
"
"1","[171]"
"1"," ""PZA00245.14""   "
"1"," ""PZA00245.16""   "
"1"," ""PZA00245.17""   "
"1"," ""PZA00245.18""   "
"1"," ""PZA00245.19""   "
"1","
"
"1","[176]"
"1"," ""PZA00249.2""    "
"1"," ""PZA00250.1""    "
"1"," ""PZA00251.1""    "
"1"," ""PZA00254.3""    "
"1"," ""PZA00255.15""   "
"1","
"
"1","[181]"
"1"," ""PZA00255.17""   "
"1"," ""PZA00256.16""   "
"1"," ""PZA00256.21""   "
"1"," ""PZA00256.23""   "
"1"," ""PZA00257.11""   "
"1","
"
"1","[186]"
"1"," ""PZA00257.22""   "
"1"," ""PZA00261.6""    "
"1"," ""PZA00263.14""   "
"1"," ""PZA00266.5""    "
"1"," ""PZA00270.3""    "
"1","
"
"1","[191]"
"1"," ""PZA00273.1""    "
"1"," ""PZA00274.7""    "
"1"," ""PZA00277.17""   "
"1"," ""PZA00277.9""    "
"1"," ""PZA00280.14""   "
"1","
"
"1","[196]"
"1"," ""PZA00287.1""    "
"1"," ""PZA00289.11""   "
"1"," ""PZA00294.20""   "
"1"," ""PZA00296.6""    "
"1"," ""PZA00297.2""    "
"1","
"
"1","[201]"
"1"," ""PZA00297.3""    "
"1"," ""PZA00297.4""    "
"1"," ""PZA00298.4""    "
"1"," ""PZA00298.5""    "
"1"," ""PZA00299.2""    "
"1","
"
"1","[206]"
"1"," ""PZA00300.12""   "
"1"," ""PZA00300.13""   "
"1"," ""PZA00300.14""   "
"1"," ""PZA00300.16""   "
"1"," ""PZA00301.3""    "
"1","
"
"1","[211]"
"1"," ""PZA00303.19""   "
"1"," ""PZA00303.21""   "
"1"," ""PZA00307.12""   "
"1"," ""PZA00307.14""   "
"1"," ""PZA00307.17""   "
"1","
"
"1","[216]"
"1"," ""PZA00309.2""    "
"1"," ""PZA00310.5""    "
"1"," ""PZA00314.6""    "
"1"," ""PZA00314.8""    "
"1"," ""PZA00315.1""    "
"1","
"
"1","[221]"
"1"," ""PZA00315.6""    "
"1"," ""PZA00318.2""    "
"1"," ""PZA00323.3""    "
"1"," ""PZA00323.4""    "
"1"," ""PZA00326.16""   "
"1","
"
"1","[226]"
"1"," ""PZA00326.18""   "
"1"," ""PZA00326.19""   "
"1"," ""PZA00332.8""    "
"1"," ""PZA00332.9""    "
"1"," ""PZA00334.2""    "
"1","
"
"1","[231]"
"1"," ""PZA00335.12""   "
"1"," ""PZA00337.3""    "
"1"," ""PZA00337.4""    "
"1"," ""PZA00337.5""    "
"1"," ""PZA00342.9""    "
"1","
"
"1","[236]"
"1"," ""PZA00344.10""   "
"1"," ""PZA00345.15""   "
"1"," ""PZA00346.1""    "
"1"," ""PZA00346.2""    "
"1"," ""PZA00346.3""    "
"1","
"
"1","[241]"
"1"," ""PZA00349.3""    "
"1"," ""PZA00349.5""    "
"1"," ""PZA00350.2""    "
"1"," ""PZA00352.22""   "
"1"," ""PZA00355.1""    "
"1","
"
"1","[246]"
"1"," ""PZA00355.2""    "
"1"," ""PZA00356.9""    "
"1"," ""PZA00364.5""    "
"1"," ""PZA00364.6""    "
"1"," ""PZA00367.2""    "
"1","
"
"1","[251]"
"1"," ""PZA00369.1""    "
"1"," ""PZA00370.1""    "
"1"," ""PZA00370.5""    "
"1"," ""PZA00380.5""    "
"1"," ""PZA00380.7""    "
"1","
"
"1","[256]"
"1"," ""PZA00381.3""    "
"1"," ""PZA00381.4""    "
"1"," ""PZA00381.5""    "
"1"," ""PZA00382.17""   "
"1"," ""PZA00385.3""    "
"1","
"
"1","[261]"
"1"," ""PZA00386.3""    "
"1"," ""PZA00390.6""    "
"1"," ""PZA00391.2""    "
"1"," ""PZA00392.3""    "
"1"," ""PZA00392.4""    "
"1","
"
"1","[266]"
"1"," ""PZA00393.1""    "
"1"," ""PZA00393.4""    "
"1"," ""PZA00394.11""   "
"1"," ""PZA00395.1""    "
"1"," ""PZA00395.2""    "
"1","
"
"1","[271]"
"1"," ""PZA00396.12""   "
"1"," ""PZA00401.11""   "
"1"," ""PZA00401.6""    "
"1"," ""PZA00406.1""    "
"1"," ""PZA00407.9""    "
"1","
"
"1","[276]"
"1"," ""PZA00408.7""    "
"1"," ""PZA00409.3""    "
"1"," ""PZA00411.1""    "
"1"," ""PZA00411.4""    "
"1"," ""PZA00411.5""    "
"1","
"
"1","[281]"
"1"," ""PZA00413.17""   "
"1"," ""PZA00413.18""   "
"1"," ""PZA00413.21""   "
"1"," ""PZA00417.2""    "
"1"," ""PZA00417.3""    "
"1","
"
"1","[286]"
"1"," ""PZA00419.1""    "
"1"," ""PZA00420.4""    "
"1"," ""PZA00422.2""    "
"1"," ""PZA00422.5""    "
"1"," ""PZA00422.6""    "
"1","
"
"1","[291]"
"1"," ""PZA00423.16""   "
"1"," ""PZA00423.17""   "
"1"," ""PZA00424.1""    "
"1"," ""PZA00425.4""    "
"1"," ""PZA00425.9""    "
"1","
"
"1","[296]"
"1"," ""PZA00429.1""    "
"1"," ""PZA00433.5""    "
"1"," ""PZA00436.7""    "
"1"," ""PZA00439.6""    "
"1"," ""PZA00440.1""    "
"1","
"
"1","[301]"
"1"," ""PZA00442.3""    "
"1"," ""PZA00442.4""    "
"1"," ""PZA00442.5""    "
"1"," ""PZA00442.6""    "
"1"," ""PZA00444.1""    "
"1","
"
"1","[306]"
"1"," ""PZA00444.5""    "
"1"," ""PZA00445.18""   "
"1"," ""PZA00449.2""    "
"1"," ""PZA00452.4""    "
"1"," ""PZA00458.6""    "
"1","
"
"1","[311]"
"1"," ""PZA00459.5""    "
"1"," ""PZA00460.3""    "
"1"," ""PZA00460.5""    "
"1"," ""PZA00460.7""    "
"1"," ""PZA00462.2""    "
"1","
"
"1","[316]"
"1"," ""PZA00463.3""    "
"1"," ""PZA00466.1""    "
"1"," ""PZA00468.11""   "
"1"," ""PZA00468.7""    "
"1"," ""PZA00470.1""    "
"1","
"
"1","[321]"
"1"," ""PZA00471.2""    "
"1"," ""PZA00471.3""    "
"1"," ""PZA00471.4""    "
"1"," ""PZA00472.2""    "
"1"," ""PZA00477.10""   "
"1","
"
"1","[326]"
"1"," ""PZA00477.11""   "
"1"," ""PZA00477.5""    "
"1"," ""PZA00477.9""    "
"1"," ""PZA00478.10""   "
"1"," ""PZA00478.11""   "
"1","
"
"1","[331]"
"1"," ""PZA00478.7""    "
"1"," ""PZA00478.9""    "
"1"," ""PZA00480.10""   "
"1"," ""PZA00481.7""    "
"1"," ""PZA00484.5""    "
"1","
"
"1","[336]"
"1"," ""PZA00485.2""    "
"1"," ""PZA00486.2""    "
"1"," ""PZA00487.16""   "
"1"," ""PZA00487.24""   "
"1"," ""PZA00487.26""   "
"1","
"
"1","[341]"
"1"," ""PZA00489.1""    "
"1"," ""PZA00493.1""    "
"1"," ""PZA00493.2""    "
"1"," ""PZA00493.5""    "
"1"," ""PZA00495.3""    "
"1","
"
"1","[346]"
"1"," ""PZA00495.4""    "
"1"," ""PZA00495.6""    "
"1"," ""PZA00496.1""    "
"1"," ""PZA00497.1""    "
"1"," ""PZA00497.4""    "
"1","
"
"1","[351]"
"1"," ""PZA00498.4""    "
"1"," ""PZA00499.10""   "
"1"," ""PZA00499.12""   "
"1"," ""PZA00499.3""    "
"1"," ""PZA00501.12""   "
"1","
"
"1","[356]"
"1"," ""PZA00501.14""   "
"1"," ""PZA00502.5""    "
"1"," ""PZA00503.5""    "
"1"," ""PZA00504.1""    "
"1"," ""PZA00504.2""    "
"1","
"
"1","[361]"
"1"," ""PZA00505.4""    "
"1"," ""PZA00505.8""    "
"1"," ""PZA00510.2""    "
"1"," ""PZA00510.3""    "
"1"," ""PZA00514.1""    "
"1","
"
"1","[366]"
"1"," ""PZA00514.6""    "
"1"," ""PZA00514.7""    "
"1"," ""PZA00515.14""   "
"1"," ""PZA00516.3""    "
"1"," ""PZA00517.6""    "
"1","
"
"1","[371]"
"1"," ""PZA00522.12""   "
"1"," ""PZA00523.2""    "
"1"," ""PZA00525.16""   "
"1"," ""PZA00525.2""    "
"1"," ""PZA00527.6""    "
"1","
"
"1","[376]"
"1"," ""PZA00527.9""    "
"1"," ""PZA00529.3""    "
"1"," ""PZA00531.1""    "
"1"," ""PZA00533.3""    "
"1"," ""PZA00533.4""    "
"1","
"
"1","[381]"
"1"," ""PZA00533.5""    "
"1"," ""PZA00533.6""    "
"1"," ""PZA00534.2""    "
"1"," ""PZA00536.2""    "
"1"," ""PZA00538.12""   "
"1","
"
"1","[386]"
"1"," ""PZA00538.16""   "
"1"," ""PZA00538.8""    "
"1"," ""PZA00543.2""    "
"1"," ""PZA00543.4""    "
"1"," ""PZA00543.5""    "
"1","
"
"1","[391]"
"1"," ""PZA00545.21""   "
"1"," ""PZA00545.22""   "
"1"," ""PZA00545.4""    "
"1"," ""PZA00547.13""   "
"1"," ""PZA00547.18""   "
"1","
"
"1","[396]"
"1"," ""PZA00552.4""    "
"1"," ""PZA00560.1""    "
"1"," ""PZA00560.2""    "
"1"," ""PZA00562.4""    "
"1"," ""PZA00565.3""    "
"1","
"
"1","[401]"
"1"," ""PZA00566.5""    "
"1"," ""PZA00568.19""   "
"1"," ""PZA00573.3""    "
"1"," ""PZA00578.1""    "
"1"," ""PZA00579.6""    "
"1","
"
"1","[406]"
"1"," ""PZA00582.4""    "
"1"," ""PZA00586.1""    "
"1"," ""PZA00587.3""    "
"1"," ""PZA00587.6""    "
"1"," ""PZA00588.2""    "
"1","
"
"1","[411]"
"1"," ""PZA00588.4""    "
"1"," ""PZA00589.10""   "
"1"," ""PZA00589.8""    "
"1"," ""PZA00589.9""    "
"1"," ""PZA00593.2""    "
"1","
"
"1","[416]"
"1"," ""PZA00595.3""    "
"1"," ""PZA00600.11""   "
"1"," ""PZA00603.1""    "
"1"," ""PZA00608.1""    "
"1"," ""PZA00608.5""    "
"1","
"
"1","[421]"
"1"," ""PZA00610.18""   "
"1"," ""PZA00610.9""    "
"1"," ""PZA00613.22""   "
"1"," ""PZA00614.12""   "
"1"," ""PZA00615.3""    "
"1","
"
"1","[426]"
"1"," ""PZA00615.6""    "
"1"," ""PZA00615.8""    "
"1"," ""PZA00617.16""   "
"1"," ""PZA00618.22""   "
"1"," ""PZA00620.2""    "
"1","
"
"1","[431]"
"1"," ""PZA00621.2""    "
"1"," ""PZA00622.1""    "
"1"," ""PZA00622.2""    "
"1"," ""PZA00623.2""    "
"1"," ""PZA00626.3""    "
"1","
"
"1","[436]"
"1"," ""PZA00626.4""    "
"1"," ""PZA00630.9""    "
"1"," ""PZA00636.5""    "
"1"," ""PZA00636.6""    "
"1"," ""PZA00637.4""    "
"1","
"
"1","[441]"
"1"," ""PZA00639.12""   "
"1"," ""PZA00639.13""   "
"1"," ""PZA00639.15""   "
"1"," ""PZA00641.7""    "
"1"," ""PZA00641.8""    "
"1","
"
"1","[446]"
"1"," ""PZA00644.11""   "
"1"," ""PZA00647.9""    "
"1"," ""PZA00650.8""    "
"1"," ""PZA00654.10""   "
"1"," ""PZA00654.12""   "
"1","
"
"1","[451]"
"1"," ""PZA00655.1""    "
"1"," ""PZA00656.15""   "
"1"," ""PZA00656.16""   "
"1"," ""PZA00656.18""   "
"1"," ""PZA00656.4""    "
"1","
"
"1","[456]"
"1"," ""PZA00658.19""   "
"1"," ""PZA00658.23""   "
"1"," ""PZA00662.3""    "
"1"," ""PZA00665.6""    "
"1"," ""PZA00667.1""    "
"1","
"
"1","[461]"
"1"," ""PZA00672.6""    "
"1"," ""PZA00672.8""    "
"1"," ""PZA00673.2""    "
"1"," ""PZA00674.3""    "
"1"," ""PZA00676.2""    "
"1","
"
"1","[466]"
"1"," ""PZA00680.1""    "
"1"," ""PZA00680.3""    "
"1"," ""PZA00682.2""    "
"1"," ""PZA00684.12""   "
"1"," ""PZA00686.8""    "
"1","
"
"1","[471]"
"1"," ""PZA00692.5""    "
"1"," ""PZA00693.3""    "
"1"," ""PZA00695.1""    "
"1"," ""PZA00698.4""    "
"1"," ""PZA00700.3""    "
"1","
"
"1","[476]"
"1"," ""PZA00704.11""   "
"1"," ""PZA00705.5""    "
"1"," ""PZA00706.16""   "
"1"," ""PZA00710.1""    "
"1"," ""PZA00710.16""   "
"1","
"
"1","[481]"
"1"," ""PZA00712.4""    "
"1"," ""PZA00715.3""    "
"1"," ""PZA00717.14""   "
"1"," ""PZA00719.1""    "
"1"," ""PZA00719.2""    "
"1","
"
"1","[486]"
"1"," ""PZA00719.3""    "
"1"," ""PZA00720.2""    "
"1"," ""PZA00720.3""    "
"1"," ""PZA00721.4""    "
"1"," ""PZA00721.5""    "
"1","
"
"1","[491]"
"1"," ""PZA00725.4""    "
"1"," ""PZA00726.6""    "
"1"," ""PZA00726.7""    "
"1"," ""PZA00726.9""    "
"1"," ""PZA00727.11""   "
"1","
"
"1","[496]"
"1"," ""PZA00727.12""   "
"1"," ""PZA00729.18""   "
"1"," ""PZA00729.19""   "
"1"," ""PZA00730.2""    "
"1"," ""PZA00731.6""    "
"1","
"
"1","[501]"
"1"," ""PZA00731.7""    "
"1"," ""PZA01104.1""    "
"1"," ""PZA01149.1""    "
"1"," ""PZA01149.3""    "
"1"," ""PZA01182.1""    "
"1","
"
"1","[506]"
"1"," ""PZA01240.1""    "
"1"," ""PZA01240.2""    "
"1"," ""PZA01420.1""    "
"1"," ""PZA01420.2""    "
"1"," ""PZA01420.3""    "
"1","
"
"1","[511]"
"1"," ""PZA01474.2""    "
"1"," ""PZA01637.2""    "
"1"," ""PZA01637.3""    "
"1"," ""PZA01637.4""    "
"1"," ""PZA01725.1""    "
"1","
"
"1","[516]"
"1"," ""PZA01725.2""    "
"1"," ""PZA01782.2""    "
"1"," ""PZA01782.3""    "
"1"," ""PZA01782.4""    "
"1"," ""PZA02789.31""   "
"1","
"
"1","[521]"
"1"," ""PZA02789.36""   "
"1"," ""PZA02791.6""    "
"1"," ""PZA02792.16""   "
"1"," ""PZA02792.9""    "
"1"," ""PZA02806.4""    "
"1","
"
"1","[526]"
"1"," ""PZA02806.9""    "
"1"," ""PZA02807.5""    "
"1"," ""PZA02808.12""   "
"1"," ""PZA02808.16""   "
"1"," ""PZA02819.35""   "
"1","
"
"1","[531]"
"1"," ""PZA02820.6""    "
"1"," ""PZA02822.2""    "
"1"," ""PZA02824.1""    "
"1"," ""PZA02824.3""    "
"1"," ""PZA02825.8""    "
"1","
"
"1","[536]"
"1"," ""PZA02831.5""    "
"1"," ""PZA02837.5""    "
"1"," ""PZA02844.1""    "
"1"," ""PZA02850.18""   "
"1"," ""PZA02850.4""    "
"1","
"
"1","[541]"
"1"," ""PZA02853.10""   "
"1"," ""PZA02853.7""    "
"1"," ""PZA02856.1""    "
"1"," ""PZA02862.3""    "
"1"," ""PZA02865.11""   "
"1","
"
"1","[546]"
"1"," ""PZA02869.2""    "
"1"," ""PZA02869.8""    "
"1"," ""PZA02872.1""    "
"1"," ""PZA02872.3""    "
"1"," ""PZA02878.12""   "
"1","
"
"1","[551]"
"1"," ""PZA02888.3""    "
"1"," ""PZA02890.3""    "
"1"," ""PZA02890.4""    "
"1"," ""PZA02890.5""    "
"1"," ""random"""
"1","
"
"1","[556]"
"1"," ""PZA02897.12""   "
"1"," ""PZA02906.12""   "
"1"," ""PZA02906.7""    "
"1"," ""PZA02921.9""    "
"1"," ""PZA02923.7""    "
"1","
"
"1","[561]"
"1"," ""PZA02927.1""    "
"1"," ""PZA02938.5""    "
"1"," ""PZA02939.6""    "
"1"," ""PZA02940.3""    "
"1"," ""PZA02941.3""    "
"1","
"
"1","[566]"
"1"," ""PZA02941.6""    "
"1"," ""PZA02941.8""    "
"1"," ""PZA02947.2""    "
"1"," ""PZA02948.19""   "
"1"," ""PZA02948.21""   "
"1","
"
"1","[571]"
"1"," ""PZA02948.22""   "
"1"," ""PZA02949.22""   "
"1"," ""PZA02949.26""   "
"1"," ""PZA02952.10""   "
"1"," ""PZA02954.2""    "
"1","
"
"1","[576]"
"1"," ""PZA02955.3""    "
"1"," ""PZA02958.17""   "
"1"," ""PZA02959.7""    "
"1"," ""PZA02961.1""    "
"1"," ""PZA02962.13""   "
"1","
"
"1","[581]"
"1"," ""PZA02963.5""    "
"1"," ""PZA02966.11""   "
"1"," ""PZA02968.4""    "
"1"," ""PZA02969.11""   "
"1"," ""PZA02970.9""    "
"1","
"
"1","[586]"
"1"," ""PZA02972.1""    "
"1"," ""PZA02982.5""    "
"1"," ""PZA02982.6""    "
"1"," ""PZA02983.38""   "
"1"," ""PZA02984.7""    "
"1","
"
"1","[591]"
"1"," ""PZA02988.2""    "
"1"," ""PZA02993.5""    "
"1"," ""PZA02997.16""   "
"1"," ""PZA02997.19""   "
"1"," ""PZA03001.15""   "
"1","
"
"1","[596]"
"1"," ""PZA03001.18""   "
"1"," ""PZA03001.9""    "
"1"," ""PZA03009.5""    "
"1"," ""PZA03009.6""    "
"1"," ""PZA03009.7""    "
"1","
"
"1","[601]"
"1"," ""PZA03009.8""    "
"1"," ""PZA03011.6""    "
"1"," ""PZA03012.10""   "
"1"," ""PZA03013.7""    "
"1"," ""PZA03013.8""    "
"1","
"
"1","[606]"
"1"," ""PZA03014.10""   "
"1"," ""PZA03014.21""   "
"1"," ""PZA03014.24""   "
"1"," ""PZA03017.10""   "
"1"," ""PZA03017.11""   "
"1","
"
"1","[611]"
"1"," ""PZA03024.16""   "
"1"," ""PZA03024.18""   "
"1"," ""PZA03024.7""    "
"1"," ""PZA03028.5""    "
"1"," ""PZA03032.16""   "
"1","
"
"1","[616]"
"1"," ""PZA03034.1""    "
"1"," ""PZA03035.5""    "
"1"," ""PZA03037.8""    "
"1"," ""PZA03037.9""    "
"1"," ""PZA03041.8""    "
"1","
"
"1","[621]"
"1"," ""PZA03042.1""    "
"1"," ""PZA03042.5""    "
"1"," ""PZA03046.2""    "
"1"," ""PZA03046.3""    "
"1"," ""PZA03047.12""   "
"1","
"
"1","[626]"
"1"," ""PZA03047.20""   "
"1"," ""PZA03047.22""   "
"1"," ""PZA03048.16""   "
"1"," ""PZA03048.17""   "
"1"," ""PZA03049.23""   "
"1","
"
"1","[631]"
"1"," ""PZA03051.1""    "
"1"," ""PZA03051.3""    "
"1"," ""PZA03052.15""   "
"1"," ""PZA03054.3""    "
"1"," ""PZA03054.5""    "
"1","
"
"1","[636]"
"1"," ""PZA03058.17""   "
"1"," ""PZA03062.15""   "
"1"," ""PZA03062.7""    "
"1"," ""PZA03063.17""   "
"1"," ""PZA03063.18""   "
"1","
"
"1","[641]"
"1"," ""PZA03064.6""    "
"1"," ""PZA03067.17""   "
"1"," ""PZA03067.20""   "
"1"," ""PZA03068.11""   "
"1"," ""PZA03068.13""   "
"1","
"
"1","[646]"
"1"," ""PZA03069.6""    "
"1"," ""PZA03073.23""   "
"1"," ""PZA03073.24""   "
"1"," ""PZA03074.24""   "
"1"," ""PZA03078.33""   "
"1","
"
"1","[651]"
"1"," ""PZA03081.1""    "
"1"," ""PZA03081.10""   "
"1"," ""PZA03081.11""   "
"1"," ""PZA03081.13""   "
"1"," ""PZA03081.6""    "
"1","
"
"1","[656]"
"1"," ""PZA03083.7""    "
"1"," ""PZA03089.12""   "
"1"," ""PZA03090.31""   "
"1"," ""PZA03092.7""    "
"1"," ""PZA03094.18""   "
"1","
"
"1","[661]"
"1"," ""PZA03094.6""    "
"1"," ""PZA03095.1""    "
"1"," ""PZA03095.2""    "
"1"," ""PZA03095.3""    "
"1"," ""PZA03097.4""    "
"1","
"
"1","[666]"
"1"," ""PZA03097.7""    "
"1"," ""PZA03097.9""    "
"1"," ""PZA03102.10""   "
"1"," ""PZA03102.2""    "
"1"," ""PZA03102.9""    "
"1","
"
"1","[671]"
"1"," ""PZA03137.1""    "
"1"," ""PZA03172.2""    "
"1"," ""PZA03223.3""    "
"1"," ""PZA03258.2""    "
"1"," ""PZA03283.2""    "
"1","
"
"1","[676]"
"1"," ""PZA03284.3""    "
"1"," ""PZA03290.1""    "
"1"," ""PZA03290.2""    "
"1"," ""PZA03295.4""    "
"1"," ""PZA03296.6""    "
"1","
"
"1","[681]"
"1"," ""PZA03296.7""    "
"1"," ""PZA03298.1""    "
"1"," ""PZA03298.2""    "
"1"," ""PZA03301.2""    "
"1"," ""PZA03301.4""    "
"1","
"
"1","[686]"
"1"," ""PZA03302.1""    "
"1"," ""PZA03305.6""    "
"1"," ""PZA03305.7""    "
"1"," ""PZA03311.2""    "
"1"," ""PZA03311.3""    "
"1","
"
"1","[691]"
"1"," ""PZA03311.4""    "
"1"," ""PZA03311.5""    "
"1"," ""PZA03312.1""    "
"1"," ""PZA03312.2""    "
"1"," ""PZA03316.2""    "
"1","
"
"1","[696]"
"1"," ""PZA03317.1""    "
"1"," ""PZA03319.3""    "
"1"," ""PZA03319.4""    "
"1"," ""PZA03320.3""    "
"1"," ""PZA03320.4""    "
"1","
"
"1","[701]"
"1"," ""PZA03328.5""    "
"1"," ""PZA03329.1""    "
"1"," ""PZA03329.2""    "
"1"," ""PZA03333.3""    "
"1"," ""PZA03335.2""    "
"1","
"
"1","[706]"
"1"," ""PZA03335.3""    "
"1"," ""PZA03337.1""    "
"1"," ""PZA03338.5""    "
"1"," ""PZA03340.2""    "
"1"," ""PZA03342.2""    "
"1","
"
"1","[711]"
"1"," ""PZA03344.4""    "
"1"," ""PZA03344.5""    "
"1"," ""PZA03344.6""    "
"1"," ""PZA03345.1""    "
"1"," ""PZA03345.2""    "
"1","
"
"1","[716]"
"1"," ""PZA03345.4""    "
"1"," ""PZA03347.1""    "
"1"," ""PZA03348.1""    "
"1"," ""PZA03349.1""    "
"1"," ""PZA03349.9""    "
"1","
"
"1","[721]"
"1"," ""PZA03767.1""    "
"1"," ""PZA03767.4""    "
"1"," ""PZA03767.5""    "
"1"," ""PZA03773.2""    "
"1"," ""PZA03773.3""    "
"1","
"
"1","[726]"
"1"," ""PZA03774.1""    "
"1"," ""PZA03774.10""   "
"1"," ""PZA03774.2""    "
"1"," ""PZA03774.4""    "
"1"," ""PZA03774.5""    "
"1","
"
"1","[731]"
"1"," ""PZA03774.6""    "
"1"," ""PZA03774.8""    "
"1"," ""PZA03774.9""    "
"1"," ""PZA03775.1""    "
"1"," ""PZA03775.11""   "
"1","
"
"1","[736]"
"1"," ""PZA03775.2""    "
"1"," ""PZA03775.3""    "
"1"," ""PZA03775.4""    "
"1"," ""PZA03775.6""    "
"1"," ""PZA03775.7""    "
"1","
"
"1","[741]"
"1"," ""PZA03775.8""    "
"1"," ""PZA03775.9""    "
"1"," ""PZA03781.1""    "
"1"," ""PZA03781.2""    "
"1"," ""PZA03781.3""    "
"1","
"
"1","[746]"
"1"," ""PZA03781.4""    "
"1"," ""PZA03781.5""    "
"1"," ""PZA03781.6""    "
"1"," ""PZA03781.7""    "
"1"," ""PZA03781.8""    "
"1","
"
"1","[751]"
"1"," ""PZA03782.1""    "
"1"," ""PZA03782.3""    "
"1"," ""PZA03786.1""    "
"1"," ""PZA03786.2""    "
"1"," ""PZA03789.1""    "
"1","
"
"1","[756]"
"1"," ""PZA03789.2""    "
"1"," ""PZA03789.4""    "
"1"," ""PZB00011.4""    "
"1"," ""PZB00011.5""    "
"1"," ""PZB00041.2""    "
"1","
"
"1","[761]"
"1"," ""PZB00041.4""    "
"1"," ""PZB00049.2""    "
"1"," ""PZB00049.4""    "
"1"," ""PZB00049.7""    "
"1"," ""PZB00055.1""    "
"1","
"
"1","[766]"
"1"," ""PZB00060.4""    "
"1"," ""PZB00062.6""    "
"1"," ""PZB00062.7""    "
"1"," ""PZB00062.8""    "
"1"," ""PZB00067.2""    "
"1","
"
"1","[771]"
"1"," ""PZB00067.3""    "
"1"," ""PZB00067.4""    "
"1"," ""PZB00067.5""    "
"1"," ""PZB00078.1""    "
"1"," ""PZB00081.2""    "
"1","
"
"1","[776]"
"1"," ""PZB00081.4""    "
"1"," ""PZB00081.5""    "
"1"," ""PZB00081.7""    "
"1"," ""PZB00092.1""    "
"1"," ""PZB00092.4""    "
"1","
"
"1","[781]"
"1"," ""PZB00093.3""    "
"1"," ""PZB00093.4""    "
"1"," ""PZB00093.6""    "
"1"," ""PZB00096.2""    "
"1"," ""PZB00096.3""    "
"1","
"
"1","[786]"
"1"," ""PZB00136.3""    "
"1"," ""PZB00140.1""    "
"1"," ""PZB00145.2""    "
"1"," ""PZB00149.2""    "
"1"," ""PZB00149.4""    "
"1","
"
"1","[791]"
"1"," ""PZB00153.1""    "
"1"," ""PZB00153.2""    "
"1"," ""PZB00153.3""    "
"1"," ""PZB00153.5""    "
"1"," ""PZB00160.1""    "
"1","
"
"1","[796]"
"1"," ""PZB00160.2""    "
"1"," ""PZB00160.4""    "
"1"," ""PZB00165.2""    "
"1"," ""PZB00165.6""    "
"1"," ""PZB00169.4""    "
"1","
"
"1","[801]"
"1"," ""PZB00169.6""    "
"1"," ""PZB00175.1""    "
"1"," ""PZB00175.2""    "
"1"," ""PZB00175.3""    "
"1"," ""PZB00175.4""    "
"1","
"
"1","[806]"
"1"," ""PZB00175.5""    "
"1"," ""PZB00180.1""    "
"1"," ""PZB00180.2""    "
"1"," ""PZB00183.3""    "
"1"," ""PZB00188.6""    "
"1","
"
"1","[811]"
"1"," ""PZB00207.3""    "
"1"," ""PZB00221.3""    "
"1"," ""PZB00221.8""    "
"1"," ""PZB00229.3""    "
"1"," ""PZB00232.1""    "
"1","
"
"1","[816]"
"1"," ""PZB00232.2""    "
"1"," ""PZB00232.4""    "
"1"," ""PZB00232.5""    "
"1"," ""PZB00379.3""    "
"1"," ""PZB00379.4""    "
"1","
"
"1","[821]"
"1"," ""PZB00379.5""    "
"1"," ""PZB00393.7""    "
"1"," ""PZB00409.3""    "
"1"," ""PZB00416.2""    "
"1"," ""PZB00416.5""    "
"1","
"
"1","[826]"
"1"," ""PZB00454.2""    "
"1"," ""PZB00454.3""    "
"1"," ""PZB00454.4""    "
"1"," ""PZB00454.5""    "
"1"," ""PZB00498.2""    "
"1","
"
"1","[831]"
"1"," ""PZB00498.4""    "
"1"," ""PZB00598.1""    "
"1"," ""PZB00598.2""    "
"1"," ""PZB00603.3""    "
"1"," ""PZB00603.4""    "
"1","
"
"1","[836]"
"1"," ""PZB00603.5""    "
"1"," ""PZB00607.2""    "
"1"," ""PZB00761.1""    "
"1"," ""PZB00761.2""    "
"1"," ""PZB00849.2""    "
"1","
"
"1","[841]"
"1"," ""PZB00849.3""    "
"1"," ""PZB00849.4""    "
"1"," ""PZB00859.1""    "
"1"," ""PZB01109.2""    "
"1"," ""PZB01109.3""    "
"1","
"
"1","[846]"
"1"," ""PZB01110.1""    "
"1"," ""PZB01110.2""    "
"1"," ""PZB01110.3""    "
"1"," ""PZB01111.6""    "
"1"," ""PZB01111.7""    "
"1","
"
"1","[851]"
"1"," ""PZB01111.8""    "
"1"," ""PZB01112.3""    "
"1"," ""PZB01112.4""    "
"1"," ""PZB01112.5""    "
"1"," ""PZB01112.6""    "
"1","
"
"1","[856]"
"1"," ""PZB01113.4""    "
"1"," ""PZB01114.1""    "
"1"," ""PZB01114.3""    "
"1"," ""PZB01115.1""    "
"1"," ""PZB01115.5""    "
"1","
"
"1","[861]"
"1"," ""PZB01115.6""    "
"1"," ""PZB01116.2""    "
"1"," ""PZB01221.1""    "
"1"," ""PZB01222.1""    "
"1"," ""PZB01222.3""    "
"1","
"
"1","[866]"
"1"," ""PZB01223.3""    "
"1"," ""PZB01223.4""    "
"1"," ""PZB01223.7""    "
"1"," ""PZB01225.1""    "
"1"," ""PZB01225.2""    "
"1","
"
"1","[871]"
"1"," ""PZB01225.4""    "
"1"," ""PZB01228.1""    "
"1"," ""PZB01228.3""    "
"1"," ""PZB01228.4""    "
"1"," ""PZB01233.2""    "
"1","
"
"1","[876]"
"1"," ""PZB01233.3""    "
"1"," ""PZB01238.5""    "
"1"," ""PZB01238.6""    "
"1"," ""PZB01427.1""    "
"1"," ""PZB01427.3""    "
"1","
"
"1","[881]"
"1"," ""PZB01463.2""    "
"1"," ""PZB01463.3""    "
"1"," ""PZB01463.4""    "
"1"," ""PZD00003.1""    "
"1"," ""PZD00003.3""    "
"1","
"
"1","[886]"
"1"," ""PZD00007.1""    "
"1"," ""PZD00008.3""    "
"1"," ""PZD00011.1""    "
"1"," ""PZD00011.3""    "
"1"," ""PZD00011.4""    "
"1","
"
"1","[891]"
"1"," ""PZD00012.1""    "
"1"," ""PZD00012.2""    "
"1"," ""PZD00012.3""    "
"1"," ""PZD00012.4""    "
"1"," ""PZD00012.5""    "
"1","
"
"1","[896]"
"1"," ""PZD00013.3""    "
"1"," ""PZD00013.4""    "
"1"," ""PZD00014.3""    "
"1"," ""PZD00017.1""    "
"1"," ""PZD00019.1""    "
"1","
"
"1","[901]"
"1"," ""PZD00020.2""    "
"1"," ""PZD00020.3""    "
"1"," ""PZD00020.4""    "
"1"," ""PZD00020.6""    "
"1"," ""PZD00021.2""    "
"1","
"
"1","[906]"
"1"," ""PZD00021.4""    "
"1"," ""PZD00021.5""    "
"1"," ""PZD00022.1""    "
"1"," ""PZD00022.3""    "
"1"," ""PZD00022.4""    "
"1","
"
"1","[911]"
"1"," ""PZD00024.2""    "
"1"," ""PZD00025.1""    "
"1"," ""PZD00025.2""    "
"1"," ""PZD00030.1""    "
"1"," ""PZD00030.4""    "
"1","
"
"1","[916]"
"1"," ""PZD00030.5""    "
"1"," ""PZD00030.6""    "
"1"," ""PZD00034.3""    "
"1"," ""PZD00043.1""    "
"1"," ""PZD00043.2""    "
"1","
"
"1","[921]"
"1"," ""PZD00043.3""    "
"1"," ""PZD00043.4""    "
"1"," ""PZD00044.2""    "
"1"," ""PZD00044.3""    "
"1"," ""PZD00044.4""    "
"1","
"
"1","[926]"
"1"," ""PZD00045.1""    "
"1"," ""PZD00045.2""    "
"1"," ""PZD00045.3""    "
"1"," ""PZD00045.4""    "
"1"," ""PZD00049.3""    "
"1","
"
"1","[931]"
"1"," ""PZD00049.4""    "
"1"," ""PZD00049.5""    "
"1"," ""PZD00051.1""    "
"1"," ""PZD00052.3""    "
"1"," ""PZD00052.4""    "
"1","
"
"1","[936]"
"1"," ""PZD00062.2""    "
"1"," ""PZD00066.1""    "
"1"," ""PZD00067.1""    "
"1"," ""PZD00067.2""    "
"1"," ""PZD00067.3""    "
"1","
"
"1","[941]"
"1"," ""PZD00068.1""    "
"1"," ""PZD00069.2""    "
"1"," ""PZD00069.3""    "
"1"," ""PZD00069.4""    "
"1"," ""PZD00069.5""    "
"1","
"
"1","[946]"
"1"," ""PZD00073.1""    "
"1"," ""PZD00073.2""    "
"1"," ""PZD00073.6""    "
"1"," ""PZD00074.1""    "
"1"," ""PZD00075.1""    "
"1","
"
"1","[951]"
"1"," ""PZD00075.2""    "
"1"," ""PZD00076.1""    "
"1"," ""PZD00076.2""    "
"1"," ""PZD00076.4""    "
"1"," ""PZD00077.10""   "
"1","
"
"1","[956]"
"1"," ""PZD00077.5""    "
"1"," ""PZD00077.7""    "
"1"," ""PZD00077.8""    "
"1"," ""PZD00078.2""    "
"1"," ""Ra2_ORF.1""     "
"1","
"
"1","[961]"
"1"," ""Ra2_ORF.2""     "
"1"," ""Ra2_ORF.4""     "
"1"," ""Ra2_promoter.1"""
"1"," ""Ra2_promoter.2"""
"1"," ""Ra2_promoter.3"""
"1","
"
"1","[966]"
"1"," ""sh2.5""         "
"1"," ""sh2.6""         "
"1"," ""sh2.7""         "
"1"," ""sh2.9""         "
"1"," ""su1.4""         "
"1","
"
"1","[971]"
"1"," ""su1.5""         "
"1"," ""su1.7""         "
"1"," ""tb1.17""        "
"1"," ""tb1.18""        "
"1"," ""tb1.19""        "
"1","
"
"1","[976]"
"1"," ""tb1.5""         "
"1"," ""te1.3""         "
"1"," ""te1.4""         "
"1"," ""zagl1.1""       "
"1"," ""zagl1.6""       "
"1","
"
"1","[981]"
"1"," ""zap1.2""        "
"1"," ""zen1.1""        "
"1"," ""zen1.2""        "
"1"," ""zen1.4""        "
"1"," ""zfl2.6""        "
"1","
"
"1","[986]"
"1"," ""zmm3.4""        "
"1","
"
"0","names(snp_positions)"
"1"," [1]"
"1"," ""SNP_ID""              "
"1"," ""cdv_marker_id""       "
"1"," ""Chromosome""          "
"1"," ""Position""            "
"1","
"
"1"," [5]"
"1"," ""alt_pos""             "
"1"," ""mult_positions""      "
"1"," ""amplicon""            "
"1"," ""cdv_map_feature.name"""
"1","
"
"1"," [9]"
"1"," ""gene""                "
"1"," ""candidate/random""    "
"1"," ""Genaissance_daa_id""  "
"1"," ""Sequenom_daa_id""     "
"1","
"
"1","[13]"
"1"," ""count_amplicons""     "
"1"," ""count_cmf""           "
"1"," ""count_gene""          "
"1","
"
"0","str(genotypes)"
"1","spc_tbl_ [2,782 × 986]"
"1",""
"1"," (S3: "
"1",""
"1","spec_tbl_df/tbl_df/tbl/data.frame"
"1",""
"1",")"
"1",""
"1","
"
"1"," "
"1",""
"1","$ "
"1",""
"1","Sample_ID     "
"1",""
"1",":"
"1"," chr [1:2782] "
"1",""
"1","""SL-15"" ""SL-16"" ""SL-11"" ""SL-12"""
"1",""
"1"," ..."
"1",""
"1","
"
"1"," "
"1",""
"1","$ "
"1",""
"1","JG_OTU        "
"1",""
"1",":"
"1"," chr [1:2782] "
"1",""
"1","""T-aust-1"" ""T-aust-2"" ""T-brav-1"" ""T-brav-2"""
"1",""
"1"," ..."
"1",""
"1","
"
"1"," "
"1",""
"1","$ "
"1",""
"1","Group         "
"1",""
"1",":"
"1"," chr [1:2782] "
"1",""
"1","""TRIPS"" ""TRIPS"" ""TRIPS"" ""TRIPS"""
"1",""
"1"," ..."
"1",""
"1","
"
"1"," "
"1",""
"1","$ "
"1",""
"1","abph1.20      "
"1",""
"1",":"
"1"," chr [1:2782] "
"1",""
"1","""?/?"" ""?/?"" ""?/?"" ""?/?"""
"1",""
"1"," ..."
"1",""
"1","
"
"1"," "
"1",""
"1","$ "
"1",""
"1","abph1.22      "
"1",""
"1",":"
"1"," chr [1:2782] "
"1",""
"1","""?/?"" ""?/?"" ""?/?"" ""?/?"""
"1",""
"1"," ..."
"1",""
"1","
"
"1"," "
"1",""
"1","$ "
"1",""
"1","ae1.3         "
"1",""
"1",":"
"1"," chr [1:2782] "
"1",""
"1","""T/T"" ""T/T"" ""T/T"" ""T/T"""
"1",""
"1"," ..."
"1",""
"1","
"
"1"," "
"1",""
"1","$ "
"1",""
"1","ae1.4         "
"1",""
"1",":"
"1"," chr [1:2782] "
"1",""
"1","""G/G"" ""?/?"" ""G/G"" ""G/G"""
"1",""
"1"," ..."
"1",""
"1","
"
"1"," "
"1",""
"1","$ "
"1",""
"1","ae1.5         "
"1",""
"1",":"
"1"," chr [1:2782] "
"1",""
"1","""T/T"" ""T/T"" ""T/T"" ""T/T"""
"1",""
"1"," ..."
"1",""
"1","
"
"1"," "
"1",""
"1","$ "
"1",""
"1","an1.4         "
"1",""
"1",":"
"1"," chr [1:2782] "
"1",""
"1","""C/C"" ""C/C"" ""?/?"" ""C/C"""
"1",""
"1"," ..."
"1",""
"1","
"
"1"," "
"1",""
"1","$ "
"1",""
"1","ba1.6         "
"1",""
"1",":"
"1"," chr [1:2782] "
"1",""
"1","""?/?"" ""A/G"" ""G/G"" ""G/G"""
"1",""
"1"," ..."
"1",""
"1","
"
"1"," "
"1",""
"1","$ "
"1",""
"1","ba1.9         "
"1",""
"1",":"
"1"," chr [1:2782] "
"1",""
"1","""G/G"" ""G/G"" ""G/G"" ""G/G"""
"1",""
"1"," ..."
"1",""
"1","
"
"1"," "
"1",""
"1","$ "
"1",""
"1","bt2.5         "
"1",""
"1",":"
"1"," chr [1:2782] "
"1",""
"1","""?/?"" ""?/?"" ""C/C"" ""C/C"""
"1",""
"1"," ..."
"1",""
"1","
"
"1"," "
"1",""
"1","$ "
"1",""
"1","bt2.7         "
"1",""
"1",":"
"1"," chr [1:2782] "
"1",""
"1","""A/A"" ""A/A"" ""A/A"" ""A/A"""
"1",""
"1"," ..."
"1",""
"1","
"
"1"," "
"1",""
"1","$ "
"1",""
"1","bt2.8         "
"1",""
"1",":"
"1"," chr [1:2782] "
"1",""
"1","""?/?"" ""?/?"" ""?/?"" ""?/?"""
"1",""
"1"," ..."
"1",""
"1","
"
"1"," "
"1",""
"1","$ "
"1",""
"1","Fea2.1        "
"1",""
"1",":"
"1"," chr [1:2782] "
"1",""
"1","""C/C"" ""C/C"" ""?/?"" ""?/?"""
"1",""
"1"," ..."
"1",""
"1","
"
"1"," "
"1",""
"1","$ "
"1",""
"1","Fea2.5        "
"1",""
"1",":"
"1"," chr [1:2782] "
"1",""
"1","""A/A"" ""A/A"" ""A/A"" ""A/A"""
"1",""
"1"," ..."
"1",""
"1","
"
"1"," "
"1",""
"1","$ "
"1",""
"1","id1.3         "
"1",""
"1",":"
"1"," chr [1:2782] "
"1",""
"1","""T/T"" ""T/T"" ""T/T"" ""T/T"""
"1",""
"1"," ..."
"1",""
"1","
"
"1"," "
"1",""
"1","$ "
"1",""
"1","lg2.11        "
"1",""
"1",":"
"1"," chr [1:2782] "
"1",""
"1","""C/C"" ""C/C"" ""C/C"" ""C/C"""
"1",""
"1"," ..."
"1",""
"1","
"
"1"," "
"1",""
"1","$ "
"1",""
"1","lg2.2         "
"1",""
"1",":"
"1"," chr [1:2782] "
"1",""
"1","""A/A"" ""A/A"" ""A/A"" ""A/A"""
"1",""
"1"," ..."
"1",""
"1","
"
"1"," "
"1",""
"1","$ "
"1",""
"1","pbf1.1        "
"1",""
"1",":"
"1"," chr [1:2782] "
"1",""
"1","""?/?"" ""T/T"" ""T/T"" ""T/T"""
"1",""
"1"," ..."
"1",""
"1","
"
"1"," "
"1",""
"1","$ "
"1",""
"1","pbf1.2        "
"1",""
"1",":"
"1"," chr [1:2782] "
"1",""
"1","""?/?"" ""?/?"" ""?/?"" ""?/?"""
"1",""
"1"," ..."
"1",""
"1","
"
"1"," "
"1",""
"1","$ "
"1",""
"1","pbf1.3        "
"1",""
"1",":"
"1"," chr [1:2782] "
"1",""
"1","""?/?"" ""?/?"" ""?/?"" ""?/?"""
"1",""
"1"," ..."
"1",""
"1","
"
"1"," "
"1",""
"1","$ "
"1",""
"1","pbf1.5        "
"1",""
"1",":"
"1"," chr [1:2782] "
"1",""
"1","""?/?"" ""?/?"" ""A/A"" ""A/A"""
"1",""
"1"," ..."
"1",""
"1","
"
"1"," "
"1",""
"1","$ "
"1",""
"1","pbf1.6        "
"1",""
"1",":"
"1"," chr [1:2782] "
"1",""
"1","""?/?"" ""?/?"" ""?/?"" ""?/?"""
"1",""
"1"," ..."
"1",""
"1","
"
"1"," "
"1",""
"1","$ "
"1",""
"1","pbf1.7        "
"1",""
"1",":"
"1"," chr [1:2782] "
"1",""
"1","""C/C"" ""C/C"" ""C/C"" ""C/C"""
"1",""
"1"," ..."
"1",""
"1","
"
"1"," "
"1",""
"1","$ "
"1",""
"1","pbf1.8        "
"1",""
"1",":"
"1"," chr [1:2782] "
"1",""
"1","""C/C"" ""C/C"" ""C/C"" ""C/C"""
"1",""
"1"," ..."
"1",""
"1","
"
"1"," "
"1",""
"1","$ "
"1",""
"1","PZA00003.11   "
"1",""
"1",":"
"1"," chr [1:2782] "
"1",""
"1","""?/?"" ""?/?"" ""C/C"" ""?/?"""
"1",""
"1"," ..."
"1",""
"1","
"
"1"," "
"1",""
"1","$ "
"1",""
"1","PZA00004.2    "
"1",""
"1",":"
"1"," chr [1:2782] "
"1",""
"1","""T/T"" ""T/T"" ""?/?"" ""T/T"""
"1",""
"1"," ..."
"1",""
"1","
"
"1"," "
"1",""
"1","$ "
"1",""
"1","PZA00005.8    "
"1",""
"1",":"
"1"," chr [1:2782] "
"1",""
"1","""G/G"" ""G/G"" ""G/G"" ""G/G"""
"1",""
"1"," ..."
"1",""
"1","
"
"1"," "
"1",""
"1","$ "
"1",""
"1","PZA00005.9    "
"1",""
"1",":"
"1"," chr [1:2782] "
"1",""
"1","""C/C"" ""C/C"" ""C/C"" ""C/C"""
"1",""
"1"," ..."
"1",""
"1","
"
"1"," "
"1",""
"1","$ "
"1",""
"1","PZA00006.13   "
"1",""
"1",":"
"1"," chr [1:2782] "
"1",""
"1","""A/A"" ""A/A"" ""A/A"" ""A/A"""
"1",""
"1"," ..."
"1",""
"1","
"
"1"," "
"1",""
"1","$ "
"1",""
"1","PZA00006.14   "
"1",""
"1",":"
"1"," chr [1:2782] "
"1",""
"1","""?/?"" ""G/G"" ""G/G"" ""G/G"""
"1",""
"1"," ..."
"1",""
"1","
"
"1"," "
"1",""
"1","$ "
"1",""
"1","PZA00008.1    "
"1",""
"1",":"
"1"," chr [1:2782] "
"1",""
"1","""C/C"" ""C/C"" ""C/C"" ""C/C"""
"1",""
"1"," ..."
"1",""
"1","
"
"1"," "
"1",""
"1","$ "
"1",""
"1","PZA00010.5    "
"1",""
"1",":"
"1"," chr [1:2782] "
"1",""
"1","""C/C"" ""C/C"" ""C/C"" ""C/C"""
"1",""
"1"," ..."
"1",""
"1","
"
"1"," "
"1",""
"1","$ "
"1",""
"1","PZA00013.10   "
"1",""
"1",":"
"1"," chr [1:2782] "
"1",""
"1","""A/A"" ""A/A"" ""A/A"" ""A/A"""
"1",""
"1"," ..."
"1",""
"1","
"
"1"," "
"1",""
"1","$ "
"1",""
"1","PZA00013.11   "
"1",""
"1",":"
"1"," chr [1:2782] "
"1",""
"1","""C/C"" ""C/C"" ""C/T"" ""C/T"""
"1",""
"1"," ..."
"1",""
"1","
"
"1"," "
"1",""
"1","$ "
"1",""
"1","PZA00013.9    "
"1",""
"1",":"
"1"," chr [1:2782] "
"1",""
"1","""T/T"" ""T/T"" ""T/T"" ""T/T"""
"1",""
"1"," ..."
"1",""
"1","
"
"1"," "
"1",""
"1","$ "
"1",""
"1","PZA00015.4    "
"1",""
"1",":"
"1"," chr [1:2782] "
"1",""
"1","""?/?"" ""?/?"" ""?/?"" ""?/?"""
"1",""
"1"," ..."
"1",""
"1","
"
"1"," "
"1",""
"1","$ "
"1",""
"1","PZA00017.1    "
"1",""
"1",":"
"1"," chr [1:2782] "
"1",""
"1","""G/G"" ""G/G"" ""G/G"" ""G/G"""
"1",""
"1"," ..."
"1",""
"1","
"
"1"," "
"1",""
"1","$ "
"1",""
"1","PZA00018.5    "
"1",""
"1",":"
"1"," chr [1:2782] "
"1",""
"1","""C/C"" ""C/C"" ""C/C"" ""C/C"""
"1",""
"1"," ..."
"1",""
"1","
"
"1"," "
"1",""
"1","$ "
"1",""
"1","PZA00029.11   "
"1",""
"1",":"
"1"," chr [1:2782] "
"1",""
"1","""C/C"" ""C/C"" ""C/C"" ""C/C"""
"1",""
"1"," ..."
"1",""
"1","
"
"1"," "
"1",""
"1","$ "
"1",""
"1","PZA00029.12   "
"1",""
"1",":"
"1"," chr [1:2782] "
"1",""
"1","""T/T"" ""T/T"" ""T/T"" ""T/T"""
"1",""
"1"," ..."
"1",""
"1","
"
"1"," "
"1",""
"1","$ "
"1",""
"1","PZA00030.11   "
"1",""
"1",":"
"1"," chr [1:2782] "
"1",""
"1","""?/?"" ""?/?"" ""?/?"" ""?/?"""
"1",""
"1"," ..."
"1",""
"1","
"
"1"," "
"1",""
"1","$ "
"1",""
"1","PZA00031.5    "
"1",""
"1",":"
"1"," chr [1:2782] "
"1",""
"1","""C/C"" ""C/C"" ""C/C"" ""C/C"""
"1",""
"1"," ..."
"1",""
"1","
"
"1"," "
"1",""
"1","$ "
"1",""
"1","PZA00041.3    "
"1",""
"1",":"
"1"," chr [1:2782] "
"1",""
"1","""?/?"" ""?/?"" ""?/?"" ""?/?"""
"1",""
"1"," ..."
"1",""
"1","
"
"1"," "
"1",""
"1","$ "
"1",""
"1","PZA00042.2    "
"1",""
"1",":"
"1"," chr [1:2782] "
"1",""
"1","""?/?"" ""T/T"" ""?/?"" ""?/?"""
"1",""
"1"," ..."
"1",""
"1","
"
"1"," "
"1",""
"1","$ "
"1",""
"1","PZA00042.5    "
"1",""
"1",":"
"1"," chr [1:2782] "
"1",""
"1","""C/C"" ""C/C"" ""C/C"" ""C/C"""
"1",""
"1"," ..."
"1",""
"1","
"
"1"," "
"1",""
"1","$ "
"1",""
"1","PZA00043.7    "
"1",""
"1",":"
"1"," chr [1:2782] "
"1",""
"1","""T/T"" ""T/T"" ""T/T"" ""T/T"""
"1",""
"1"," ..."
"1",""
"1","
"
"1"," "
"1",""
"1","$ "
"1",""
"1","PZA00045.1    "
"1",""
"1",":"
"1"," chr [1:2782] "
"1",""
"1","""G/G"" ""G/G"" ""G/G"" ""G/G"""
"1",""
"1"," ..."
"1",""
"1","
"
"1"," "
"1",""
"1","$ "
"1",""
"1","PZA00047.2    "
"1",""
"1",":"
"1"," chr [1:2782] "
"1",""
"1","""C/C"" ""C/C"" ""C/C"" ""C/C"""
"1",""
"1"," ..."
"1",""
"1","
"
"1"," "
"1",""
"1","$ "
"1",""
"1","PZA00049.12   "
"1",""
"1",":"
"1"," chr [1:2782] "
"1",""
"1","""?/?"" ""?/?"" ""T/T"" ""T/T"""
"1",""
"1"," ..."
"1",""
"1","
"
"1"," "
"1",""
"1","$ "
"1",""
"1","PZA00050.9    "
"1",""
"1",":"
"1"," chr [1:2782] "
"1",""
"1","""A/A"" ""A/A"" ""?/?"" ""?/?"""
"1",""
"1"," ..."
"1",""
"1","
"
"1"," "
"1",""
"1","$ "
"1",""
"1","PZA00051.2    "
"1",""
"1",":"
"1"," chr [1:2782] "
"1",""
"1","""A/A"" ""A/A"" ""A/A"" ""A/A"""
"1",""
"1"," ..."
"1",""
"1","
"
"1"," "
"1",""
"1","$ "
"1",""
"1","PZA00058.5    "
"1",""
"1",":"
"1"," chr [1:2782] "
"1",""
"1","""?/?"" ""?/?"" ""?/?"" ""?/?"""
"1",""
"1"," ..."
"1",""
"1","
"
"1"," "
"1",""
"1","$ "
"1",""
"1","PZA00058.6    "
"1",""
"1",":"
"1"," chr [1:2782] "
"1",""
"1","""T/T"" ""?/?"" ""T/T"" ""T/T"""
"1",""
"1"," ..."
"1",""
"1","
"
"1"," "
"1",""
"1","$ "
"1",""
"1","PZA00060.2    "
"1",""
"1",":"
"1"," chr [1:2782] "
"1",""
"1","""?/?"" ""?/?"" ""C/C"" ""C/C"""
"1",""
"1"," ..."
"1",""
"1","
"
"1"," "
"1",""
"1","$ "
"1",""
"1","PZA00061.1    "
"1",""
"1",":"
"1"," chr [1:2782] "
"1",""
"1","""?/?"" ""?/?"" ""?/?"" ""?/?"""
"1",""
"1"," ..."
"1",""
"1","
"
"1"," "
"1",""
"1","$ "
"1",""
"1","PZA00065.2    "
"1",""
"1",":"
"1"," chr [1:2782] "
"1",""
"1","""C/C"" ""C/C"" ""C/C"" ""C/C"""
"1",""
"1"," ..."
"1",""
"1","
"
"1"," "
"1",""
"1","$ "
"1",""
"1","PZA00069.4    "
"1",""
"1",":"
"1"," chr [1:2782] "
"1",""
"1","""C/C"" ""C/C"" ""C/C"" ""C/C"""
"1",""
"1"," ..."
"1",""
"1","
"
"1"," "
"1",""
"1","$ "
"1",""
"1","PZA00070.5    "
"1",""
"1",":"
"1"," chr [1:2782] "
"1",""
"1","""C/C"" ""C/C"" ""C/C"" ""C/C"""
"1",""
"1"," ..."
"1",""
"1","
"
"1"," "
"1",""
"1","$ "
"1",""
"1","PZA00078.2    "
"1",""
"1",":"
"1"," chr [1:2782] "
"1",""
"1","""C/C"" ""C/C"" ""C/C"" ""C/C"""
"1",""
"1"," ..."
"1",""
"1","
"
"1"," "
"1",""
"1","$ "
"1",""
"1","PZA00079.1    "
"1",""
"1",":"
"1"," chr [1:2782] "
"1",""
"1","""C/C"" ""?/?"" ""C/C"" ""C/C"""
"1",""
"1"," ..."
"1",""
"1","
"
"1"," "
"1",""
"1","$ "
"1",""
"1","PZA00081.17   "
"1",""
"1",":"
"1"," chr [1:2782] "
"1",""
"1","""?/?"" ""T/T"" ""T/T"" ""T/T"""
"1",""
"1"," ..."
"1",""
"1","
"
"1"," "
"1",""
"1","$ "
"1",""
"1","PZA00084.2    "
"1",""
"1",":"
"1"," chr [1:2782] "
"1",""
"1","""C/C"" ""C/C"" ""C/C"" ""C/C"""
"1",""
"1"," ..."
"1",""
"1","
"
"1"," "
"1",""
"1","$ "
"1",""
"1","PZA00084.3    "
"1",""
"1",":"
"1"," chr [1:2782] "
"1",""
"1","""T/T"" ""T/T"" ""T/T"" ""T/T"""
"1",""
"1"," ..."
"1",""
"1","
"
"1"," "
"1",""
"1","$ "
"1",""
"1","PZA00086.8    "
"1",""
"1",":"
"1"," chr [1:2782] "
"1",""
"1","""?/?"" ""?/?"" ""?/?"" ""?/?"""
"1",""
"1"," ..."
"1",""
"1","
"
"1"," "
"1",""
"1","$ "
"1",""
"1","PZA00088.3    "
"1",""
"1",":"
"1"," chr [1:2782] "
"1",""
"1","""G/G"" ""G/G"" ""G/G"" ""G/G"""
"1",""
"1"," ..."
"1",""
"1","
"
"1"," "
"1",""
"1","$ "
"1",""
"1","PZA00090.2    "
"1",""
"1",":"
"1"," chr [1:2782] "
"1",""
"1","""A/A"" ""A/A"" ""?/?"" ""?/?"""
"1",""
"1"," ..."
"1",""
"1","
"
"1"," "
"1",""
"1","$ "
"1",""
"1","PZA00092.1    "
"1",""
"1",":"
"1"," chr [1:2782] "
"1",""
"1","""?/?"" ""?/?"" ""T/T"" ""?/?"""
"1",""
"1"," ..."
"1",""
"1","
"
"1"," "
"1",""
"1","$ "
"1",""
"1","PZA00092.5    "
"1",""
"1",":"
"1"," chr [1:2782] "
"1",""
"1","""?/?"" ""C/C"" ""C/C"" ""?/?"""
"1",""
"1"," ..."
"1",""
"1","
"
"1"," "
"1",""
"1","$ "
"1",""
"1","PZA00093.2    "
"1",""
"1",":"
"1"," chr [1:2782] "
"1",""
"1","""?/?"" ""?/?"" ""?/?"" ""?/?"""
"1",""
"1"," ..."
"1",""
"1","
"
"1"," "
"1",""
"1","$ "
"1",""
"1","PZA00096.26   "
"1",""
"1",":"
"1"," chr [1:2782] "
"1",""
"1","""T/T"" ""T/T"" ""T/T"" ""T/T"""
"1",""
"1"," ..."
"1",""
"1","
"
"1"," "
"1",""
"1","$ "
"1",""
"1","PZA00097.13   "
"1",""
"1",":"
"1"," chr [1:2782] "
"1",""
"1","""G/G"" ""G/G"" ""G/G"" ""G/G"""
"1",""
"1"," ..."
"1",""
"1","
"
"1"," "
"1",""
"1","$ "
"1",""
"1","PZA00098.14   "
"1",""
"1",":"
"1"," chr [1:2782] "
"1",""
"1","""?/?"" ""?/?"" ""C/C"" ""?/?"""
"1",""
"1"," ..."
"1",""
"1","
"
"1"," "
"1",""
"1","$ "
"1",""
"1","PZA00100.10   "
"1",""
"1",":"
"1"," chr [1:2782] "
"1",""
"1","""?/?"" ""?/?"" ""?/?"" ""?/?"""
"1",""
"1"," ..."
"1",""
"1","
"
"1"," "
"1",""
"1","$ "
"1",""
"1","PZA00100.12   "
"1",""
"1",":"
"1"," chr [1:2782] "
"1",""
"1","""T/T"" ""?/?"" ""T/T"" ""T/T"""
"1",""
"1"," ..."
"1",""
"1","
"
"1"," "
"1",""
"1","$ "
"1",""
"1","PZA00100.14   "
"1",""
"1",":"
"1"," chr [1:2782] "
"1",""
"1","""?/?"" ""A/A"" ""A/A"" ""A/A"""
"1",""
"1"," ..."
"1",""
"1","
"
"1"," "
"1",""
"1","$ "
"1",""
"1","PZA00100.9    "
"1",""
"1",":"
"1"," chr [1:2782] "
"1",""
"1","""C/C"" ""C/C"" ""C/C"" ""?/?"""
"1",""
"1"," ..."
"1",""
"1","
"
"1"," "
"1",""
"1","$ "
"1",""
"1","PZA00103.20   "
"1",""
"1",":"
"1"," chr [1:2782] "
"1",""
"1","""A/A"" ""A/A"" ""A/A"" ""A/A"""
"1",""
"1"," ..."
"1",""
"1","
"
"1"," "
"1",""
"1","$ "
"1",""
"1","PZA00106.9    "
"1",""
"1",":"
"1"," chr [1:2782] "
"1",""
"1","""G/G"" ""G/G"" ""G/G"" ""G/G"""
"1",""
"1"," ..."
"1",""
"1","
"
"1"," "
"1",""
"1","$ "
"1",""
"1","PZA00107.18   "
"1",""
"1",":"
"1"," chr [1:2782] "
"1",""
"1","""?/?"" ""?/?"" ""?/?"" ""?/?"""
"1",""
"1"," ..."
"1",""
"1","
"
"1"," "
"1",""
"1","$ "
"1",""
"1","PZA00108.12   "
"1",""
"1",":"
"1"," chr [1:2782] "
"1",""
"1","""?/?"" ""C/C"" ""C/C"" ""C/C"""
"1",""
"1"," ..."
"1",""
"1","
"
"1"," "
"1",""
"1","$ "
"1",""
"1","PZA00108.14   "
"1",""
"1",":"
"1"," chr [1:2782] "
"1",""
"1","""G/G"" ""G/G"" ""G/G"" ""G/G"""
"1",""
"1"," ..."
"1",""
"1","
"
"1"," "
"1",""
"1","$ "
"1",""
"1","PZA00108.15   "
"1",""
"1",":"
"1"," chr [1:2782] "
"1",""
"1","""A/A"" ""A/A"" ""A/A"" ""A/A"""
"1",""
"1"," ..."
"1",""
"1","
"
"1"," "
"1",""
"1","$ "
"1",""
"1","PZA00109.3    "
"1",""
"1",":"
"1"," chr [1:2782] "
"1",""
"1","""A/A"" ""A/A"" ""?/?"" ""?/?"""
"1",""
"1"," ..."
"1",""
"1","
"
"1"," "
"1",""
"1","$ "
"1",""
"1","PZA00109.5    "
"1",""
"1",":"
"1"," chr [1:2782] "
"1",""
"1","""A/A"" ""?/?"" ""A/A"" ""?/?"""
"1",""
"1"," ..."
"1",""
"1","
"
"1"," "
"1",""
"1","$ "
"1",""
"1","PZA00111.2    "
"1",""
"1",":"
"1"," chr [1:2782] "
"1",""
"1","""T/T"" ""T/T"" ""T/T"" ""T/T"""
"1",""
"1"," ..."
"1",""
"1","
"
"1"," "
"1",""
"1","$ "
"1",""
"1","PZA00111.4    "
"1",""
"1",":"
"1"," chr [1:2782] "
"1",""
"1","""C/C"" ""?/?"" ""C/C"" ""C/C"""
"1",""
"1"," ..."
"1",""
"1","
"
"1"," "
"1",""
"1","$ "
"1",""
"1","PZA00111.5    "
"1",""
"1",":"
"1"," chr [1:2782] "
"1",""
"1","""?/?"" ""?/?"" ""A/A"" ""A/A"""
"1",""
"1"," ..."
"1",""
"1","
"
"1"," "
"1",""
"1","$ "
"1",""
"1","PZA00111.6    "
"1",""
"1",":"
"1"," chr [1:2782] "
"1",""
"1","""C/C"" ""C/C"" ""C/C"" ""C/C"""
"1",""
"1"," ..."
"1",""
"1","
"
"1"," "
"1",""
"1","$ "
"1",""
"1","PZA00111.8    "
"1",""
"1",":"
"1"," chr [1:2782] "
"1",""
"1","""T/T"" ""T/T"" ""T/T"" ""T/T"""
"1",""
"1"," ..."
"1",""
"1","
"
"1"," "
"1",""
"1","$ "
"1",""
"1","PZA00114.3    "
"1",""
"1",":"
"1"," chr [1:2782] "
"1",""
"1","""C/C"" ""C/C"" ""C/C"" ""C/C"""
"1",""
"1"," ..."
"1",""
"1","
"
"1"," "
"1",""
"1","$ "
"1",""
"1","PZA00116.2    "
"1",""
"1",":"
"1"," chr [1:2782] "
"1",""
"1","""C/T"" ""C/T"" ""C/T"" ""C/T"""
"1",""
"1"," ..."
"1",""
"1","
"
"1"," "
"1",""
"1","$ "
"1",""
"1","PZA00119.4    "
"1",""
"1",":"
"1"," chr [1:2782] "
"1",""
"1","""G/G"" ""G/G"" ""G/G"" ""G/G"""
"1",""
"1"," ..."
"1",""
"1","
"
"1"," "
"1",""
"1","$ "
"1",""
"1","PZA00120.4    "
"1",""
"1",":"
"1"," chr [1:2782] "
"1",""
"1","""G/G"" ""G/G"" ""G/G"" ""G/G"""
"1",""
"1"," ..."
"1",""
"1","
"
"1"," "
"1",""
"1","$ "
"1",""
"1","PZA00123.1    "
"1",""
"1",":"
"1"," chr [1:2782] "
"1",""
"1","""?/?"" ""?/?"" ""?/?"" ""?/?"""
"1",""
"1"," ..."
"1",""
"1","
"
"1"," "
"1",""
"1","$ "
"1",""
"1","PZA00125.2    "
"1",""
"1",":"
"1"," chr [1:2782] "
"1",""
"1","""?/?"" ""?/?"" ""?/?"" ""?/?"""
"1",""
"1"," ..."
"1",""
"1","
"
"1"," "
"1",""
"1","$ "
"1",""
"1","PZA00131.14   "
"1",""
"1",":"
"1"," chr [1:2782] "
"1",""
"1","""C/C"" ""C/C"" ""C/C"" ""C/C"""
"1",""
"1"," ..."
"1",""
"1","
"
"1"," "
"1",""
"1","$ "
"1",""
"1","PZA00132.17   "
"1",""
"1",":"
"1"," chr [1:2782] "
"1",""
"1","""T/T"" ""T/T"" ""T/T"" ""T/T"""
"1",""
"1"," ..."
"1",""
"1","
"
"1"," "
"1"," "
"1","[list output truncated]
"
"1"," "
"1",""
"1","- attr(*, ""spec"")="
"1","
"
"1",""
"1","  .. cols(
  ..   Sample_ID = [31mcol_character()[39m,
  ..   JG_OTU = [31mcol_character()[39m,
  ..   Group = [31mcol_character()[39m,
  ..   abph1.20 = [31mcol_character()[39m,
  ..   abph1.22 = [31mcol_character()[39m,
  ..   ae1.3 = [31mcol_character()[39m,
  ..   ae1.4 = [31mcol_character()[39m,
  ..   ae1.5 = [31mcol_character()[39m,
  ..   an1.4 = [31mcol_character()[39m,
  ..   ba1.6 = [31mcol_character()[39m,
  ..   ba1.9 = [31mcol_character()[39m,
  ..   bt2.5 = [31mcol_character()[39m,
  ..   bt2.7 = [31mcol_character()[39m,
  ..   bt2.8 = [31mcol_character()[39m,
  ..   Fea2.1 = [31mcol_character()[39m,
  ..   Fea2.5 = [31mcol_character()[39m,
  ..   id1.3 = [31mcol_character()[39m,
  ..   lg2.11 = [31mcol_character()[39m,
  ..   lg2.2 = [31mcol_character()[39m,
  ..   pbf1.1 = [31mcol_character()[39m,
  ..   pbf1.2 = [31mcol_character()[39m,
  ..   pbf1.3 = [31mcol_character()[39m,
  ..   pbf1.5 = [31mcol_character()[39m,
  ..   pbf1.6 = [31mcol_character()[39m,
  ..   pbf1.7 = [31mcol_character()[39m,
  ..   pbf1.8 = [31mcol_character()[39m,
  ..   PZA00003.11 = [31mcol_character()[39m,
  ..   PZA00004.2 = [31mcol_character()[39m,
  ..   PZA00005.8 = [31mcol_character()[39m,
  ..   PZA00005.9 = [31mcol_character()[39m,
  ..   PZA00006.13 = [31mcol_character()[39m,
  ..   PZA00006.14 = [31mcol_character()[39m,
  ..   PZA00008.1 = [31mcol_character()[39m,
  ..   PZA00010.5 = [31mcol_character()[39m,
  ..   PZA00013.10 = [31mcol_character()[39m,
  ..   PZA00013.11 = [31mcol_character()[39m,
  ..   PZA00013.9 = [31mcol_character()[39m,
  ..   PZA00015.4 = [31mcol_character()[39m,
  ..   PZA00017.1 = [31mcol_character()[39m,
  ..   PZA00018.5 = [31mcol_character()[39m,
  ..   PZA00029.11 = [31mcol_character()[39m,
  ..   PZA00029.12 = [31mcol_character()[39m,
  ..   PZA00030.11 = [31mcol_character()[39m,
  ..   PZA00031.5 = [31mcol_character()[39m,
  ..   PZA00041.3 = [31mcol_character()[39m,
  ..   PZA00042.2 = [31mcol_character()[39m,
  ..   PZA00042.5 = [31mcol_character()[39m,
  ..   PZA00043.7 = [31mcol_character()[39m,
  ..   PZA00045.1 = [31mcol_character()[39m,
  ..   PZA00047.2 = [31mcol_character()[39m,
  ..   PZA00049.12 = [31mcol_character()[39m,
  ..   PZA00050.9 = [31mcol_character()[39m,
  ..   PZA00051.2 = [31mcol_character()[39m,
  ..   PZA00058.5 = [31mcol_character()[39m,
  ..   PZA00058.6 = [31mcol_character()[39m,
  ..   PZA00060.2 = [31mcol_character()[39m,
  ..   PZA00061.1 = [31mcol_character()[39m,
  ..   PZA00065.2 = [31mcol_character()[39m,
  ..   PZA00069.4 = [31mcol_character()[39m,
  ..   PZA00070.5 = [31mcol_character()[39m,
  ..   PZA00078.2 = [31mcol_character()[39m,
  ..   PZA00079.1 = [31mcol_character()[39m,
  ..   PZA00081.17 = [31mcol_character()[39m,
  ..   PZA00084.2 = [31mcol_character()[39m,
  ..   PZA00084.3 = [31mcol_character()[39m,
  ..   PZA00086.8 = [31mcol_character()[39m,
  ..   PZA00088.3 = [31mcol_character()[39m,
  ..   PZA00090.2 = [31mcol_character()[39m,
  ..   PZA00092.1 = [31mcol_character()[39m,
  ..   PZA00092.5 = [31mcol_character()[39m,
  ..   PZA00093.2 = [31mcol_character()[39m,
  ..   PZA00096.26 = [31mcol_character()[39m,
  ..   PZA00097.13 = [31mcol_character()[39m,
  ..   PZA00098.14 = [31mcol_character()[39m,
  ..   PZA00100.10 = [31mcol_character()[39m,
  ..   PZA00100.12 = [31mcol_character()[39m,
  ..   PZA00100.14 = [31mcol_character()[39m,
  ..   PZA00100.9 = [31mcol_character()[39m,
  ..   PZA00103.20 = [31mcol_character()[39m,
  ..   PZA00106.9 = [31mcol_character()[39m,
  ..   PZA00107.18 = [31mcol_character()[39m,
  ..   PZA00108.12 = [31mcol_character()[39m,
  ..   PZA00108.14 = [31mcol_character()[39m,
  ..   PZA00108.15 = [31mcol_character()[39m,
  ..   PZA00109.3 = [31mcol_character()[39m,
  ..   PZA00109.5 = [31mcol_character()[39m,
  ..   PZA00111.2 = [31mcol_character()[39m,
  ..   PZA00111.4 = [31mcol_character()[39m,
  ..   PZA00111.5 = [31mcol_character()[39m,
  ..   PZA00111.6 = [31mcol_character()[39m,
  ..   PZA00111.8 = [31mcol_character()[39m,
  ..   PZA00114.3 = [31mcol_character()[39m,
  ..   PZA00116.2 = [31mcol_character()[39m,
  ..   PZA00119.4 = [31mcol_character()[39m,
  ..   PZA00120.4 = [31mcol_character()[39m,
  ..   PZA00123.1 = [31mcol_character()[39m,
  ..   PZA00125.2 = [31mcol_character()[39m,
  ..   PZA00131.14 = [31mcol_character()[39m,
  ..   PZA00132.17 = [31mcol_character()[39m,
  ..   PZA00132.18 = [31mcol_character()[39m,
  ..   PZA00132.3 = [31mcol_character()[39m,
  ..   PZA00135.6 = [31mcol_character()[39m,
  ..   PZA00137.2 = [31mcol_character()[39m,
  ..   PZA00139.14 = [31mcol_character()[39m,
  ..   PZA00140.10 = [31mcol_character()[39m,
  ..   PZA00140.6 = [31mcol_character()[39m,
  ..   PZA00140.9 = [31mcol_character()[39m,
  ..   PZA00142.6 = [31mcol_character()[39m,
  ..   PZA00148.2 = [31mcol_character()[39m,
  ..   PZA00153.3 = [31mcol_character()[39m,
  ..   PZA00153.6 = [31mcol_character()[39m,
  ..   PZA00163.4 = [31mcol_character()[39m,
  ..   PZA00164.1 = [31mcol_character()[39m,
  ..   PZA00164.2 = [31mcol_character()[39m,
  ..   PZA00164.3 = [31mcol_character()[39m,
  ..   PZA00166.1 = [31mcol_character()[39m,
  ..   PZA00166.3 = [31mcol_character()[39m,
  ..   PZA00170.1 = [31mcol_character()[39m,
  ..   PZA00170.3 = [31mcol_character()[39m,
  ..   PZA00170.4 = [31mcol_character()[39m,
  ..   PZA00174.1 = [31mcol_character()[39m,
  ..   PZA00174.2 = [31mcol_character()[39m,
  ..   PZA00175.2 = [31mcol_character()[39m,
  ..   PZA00176.8 = [31mcol_character()[39m,
  ..   PZA00177.4 = [31mcol_character()[39m,
  ..   PZA00178.3 = [31mcol_character()[39m,
  ..   PZA00182.3 = [31mcol_character()[39m,
  ..   PZA00182.4 = [31mcol_character()[39m,
  ..   PZA00184.1 = [31mcol_character()[39m,
  ..   PZA00184.4 = [31mcol_character()[39m,
  ..   PZA00188.1 = [31mcol_character()[39m,
  ..   PZA00188.3 = [31mcol_character()[39m,
  ..   PZA00191.5 = [31mcol_character()[39m,
  ..   PZA00192.6 = [31mcol_character()[39m,
  ..   PZA00192.7 = [31mcol_character()[39m,
  ..   PZA00193.2 = [31mcol_character()[39m,
  ..   PZA00198.39 = [31mcol_character()[39m,
  ..   PZA00200.11 = [31mcol_character()[39m,
  ..   PZA00200.17 = [31mcol_character()[39m,
  ..   PZA00200.9 = [31mcol_character()[39m,
  ..   PZA00201.2 = [31mcol_character()[39m,
  ..   PZA00204.1 = [31mcol_character()[39m,
  ..   PZA00210.1 = [31mcol_character()[39m,
  ..   PZA00210.6 = [31mcol_character()[39m,
  ..   PZA00211.7 = [31mcol_character()[39m,
  ..   PZA00212.1 = [31mcol_character()[39m,
  ..   PZA00213.19 = [31mcol_character()[39m,
  ..   PZA00214.1 = [31mcol_character()[39m,
  ..   PZA00216.9 = [31mcol_character()[39m,
  ..   PZA00218.1 = [31mcol_character()[39m,
  ..   PZA00218.6 = [31mcol_character()[39m,
  ..   PZA00219.7 = [31mcol_character()[39m,
  ..   PZA00220.11 = [31mcol_character()[39m,
  ..   PZA00220.12 = [31mcol_character()[39m,
  ..   PZA00221.7 = [31mcol_character()[39m,
  ..   PZA00225.8 = [31mcol_character()[39m,
  ..   PZA00226.7 = [31mcol_character()[39m,
  ..   PZA00227.8 = [31mcol_character()[39m,
  ..   PZA00230.5 = [31mcol_character()[39m,
  ..   PZA00232.24 = [31mcol_character()[39m,
  ..   PZA00234.21 = [31mcol_character()[39m,
  ..   PZA00235.6 = [31mcol_character()[39m,
  ..   PZA00235.8 = [31mcol_character()[39m,
  ..   PZA00237.2 = [31mcol_character()[39m,
  ..   PZA00237.7 = [31mcol_character()[39m,
  ..   PZA00237.8 = [31mcol_character()[39m,
  ..   PZA00238.3 = [31mcol_character()[39m,
  ..   PZA00240.9 = [31mcol_character()[39m,
  ..   PZA00241.6 = [31mcol_character()[39m,
  ..   PZA00243.27 = [31mcol_character()[39m,
  ..   PZA00245.14 = [31mcol_character()[39m,
  ..   PZA00245.16 = [31mcol_character()[39m,
  ..   PZA00245.17 = [31mcol_character()[39m,
  ..   PZA00245.18 = [31mcol_character()[39m,
  ..   PZA00245.19 = [31mcol_character()[39m,
  ..   PZA00249.2 = [31mcol_character()[39m,
  ..   PZA00250.1 = [31mcol_character()[39m,
  ..   PZA00251.1 = [31mcol_character()[39m,
  ..   PZA00254.3 = [31mcol_character()[39m,
  ..   PZA00255.15 = [31mcol_character()[39m,
  ..   PZA00255.17 = [31mcol_character()[39m,
  ..   PZA00256.16 = [31mcol_character()[39m,
  ..   PZA00256.21 = [31mcol_character()[39m,
  ..   PZA00256.23 = [31mcol_character()[39m,
  ..   PZA00257.11 = [31mcol_character()[39m,
  ..   PZA00257.22 = [31mcol_character()[39m,
  ..   PZA00261.6 = [31mcol_character()[39m,
  ..   PZA00263.14 = [31mcol_character()[39m,
  ..   PZA00266.5 = [31mcol_character()[39m,
  ..   PZA00270.3 = [31mcol_character()[39m,
  ..   PZA00273.1 = [31mcol_character()[39m,
  ..   PZA00274.7 = [31mcol_character()[39m,
  ..   PZA00277.17 = [31mcol_character()[39m,
  ..   PZA00277.9 = [31mcol_character()[39m,
  ..   PZA00280.14 = [31mcol_character()[39m,
  ..   PZA00287.1 = [31mcol_character()[39m,
  ..   PZA00289.11 = [31mcol_character()[39m,
  ..   PZA00294.20 = [31mcol_character()[39m,
  ..   PZA00296.6 = [31mcol_character()[39m,
  ..   PZA00297.2 = [31mcol_character()[39m,
  ..   PZA00297.3 = [31mcol_character()[39m,
  ..   PZA00297.4 = [31mcol_character()[39m,
  ..   PZA00298.4 = [31mcol_character()[39m,
  ..   PZA00298.5 = [31mcol_character()[39m,
  ..   PZA00299.2 = [31mcol_character()[39m,
  ..   PZA00300.12 = [31mcol_character()[39m,
  ..   PZA00300.13 = [31mcol_character()[39m,
  ..   PZA00300.14 = [31mcol_character()[39m,
  ..   PZA00300.16 = [31mcol_character()[39m,
  ..   PZA00301.3 = [31mcol_character()[39m,
  ..   PZA00303.19 = [31mcol_character()[39m,
  ..   PZA00303.21 = [31mcol_character()[39m,
  ..   PZA00307.12 = [31mcol_character()[39m,
  ..   PZA00307.14 = [31mcol_character()[39m,
  ..   PZA00307.17 = [31mcol_character()[39m,
  ..   PZA00309.2 = [31mcol_character()[39m,
  ..   PZA00310.5 = [31mcol_character()[39m,
  ..   PZA00314.6 = [31mcol_character()[39m,
  ..   PZA00314.8 = [31mcol_character()[39m,
  ..   PZA00315.1 = [31mcol_character()[39m,
  ..   PZA00315.6 = [31mcol_character()[39m,
  ..   PZA00318.2 = [31mcol_character()[39m,
  ..   PZA00323.3 = [31mcol_character()[39m,
  ..   PZA00323.4 = [31mcol_character()[39m,
  ..   PZA00326.16 = [31mcol_character()[39m,
  ..   PZA00326.18 = [31mcol_character()[39m,
  ..   PZA00326.19 = [31mcol_character()[39m,
  ..   PZA00332.8 = [31mcol_character()[39m,
  ..   PZA00332.9 = [31mcol_character()[39m,
  ..   PZA00334.2 = [31mcol_character()[39m,
  ..   PZA00335.12 = [31mcol_character()[39m,
  ..   PZA00337.3 = [31mcol_character()[39m,
  ..   PZA00337.4 = [31mcol_character()[39m,
  ..   PZA00337.5 = [31mcol_character()[39m,
  ..   PZA00342.9 = [31mcol_character()[39m,
  ..   PZA00344.10 = [31mcol_character()[39m,
  ..   PZA00345.15 = [31mcol_character()[39m,
  ..   PZA00346.1 = [31mcol_character()[39m,
  ..   PZA00346.2 = [31mcol_character()[39m,
  ..   PZA00346.3 = [31mcol_character()[39m,
  ..   PZA00349.3 = [31mcol_character()[39m,
  ..   PZA00349.5 = [31mcol_character()[39m,
  ..   PZA00350.2 = [31mcol_character()[39m,
  ..   PZA00352.22 = [31mcol_character()[39m,
  ..   PZA00355.1 = [31mcol_character()[39m,
  ..   PZA00355.2 = [31mcol_character()[39m,
  ..   PZA00356.9 = [31mcol_character()[39m,
  ..   PZA00364.5 = [31mcol_character()[39m,
  ..   PZA00364.6 = [31mcol_character()[39m,
  ..   PZA00367.2 = [31mcol_character()[39m,
  ..   PZA00369.1 = [31mcol_character()[39m,
  ..   PZA00370.1 = [31mcol_character()[39m,
  ..   PZA00370.5 = [31mcol_character()[39m,
  ..   PZA00380.5 = [31mcol_character()[39m,
  ..   PZA00380.7 = [31mcol_character()[39m,
  ..   PZA00381.3 = [31mcol_character()[39m,
  ..   PZA00381.4 = [31mcol_character()[39m,
  ..   PZA00381.5 = [31mcol_character()[39m,
  ..   PZA00382.17 = [31mcol_character()[39m,
  ..   PZA00385.3 = [31mcol_character()[39m,
  ..   PZA00386.3 = [31mcol_character()[39m,
  ..   PZA00390.6 = [31mcol_character()[39m,
  ..   PZA00391.2 = [31mcol_character()[39m,
  ..   PZA00392.3 = [31mcol_character()[39m,
  ..   PZA00392.4 = [31mcol_character()[39m,
  ..   PZA00393.1 = [31mcol_character()[39m,
  ..   PZA00393.4 = [31mcol_character()[39m,
  ..   PZA00394.11 = [31mcol_character()[39m,
  ..   PZA00395.1 = [31mcol_character()[39m,
  ..   PZA00395.2 = [31mcol_character()[39m,
  ..   PZA00396.12 = [31mcol_character()[39m,
  ..   PZA00401.11 = [31mcol_character()[39m,
  ..   PZA00401.6 = [31mcol_character()[39m,
  ..   PZA00406.1 = [31mcol_character()[39m,
  ..   PZA00407.9 = [31mcol_character()[39m,
  ..   PZA00408.7 = [31mcol_character()[39m,
  ..   PZA00409.3 = [31mcol_character()[39m,
  ..   PZA00411.1 = [31mcol_character()[39m,
  ..   PZA00411.4 = [31mcol_character()[39m,
  ..   PZA00411.5 = [31mcol_character()[39m,
  ..   PZA00413.17 = [31mcol_character()[39m,
  ..   PZA00413.18 = [31mcol_character()[39m,
  ..   PZA00413.21 = [31mcol_character()[39m,
  ..   PZA00417.2 = [31mcol_character()[39m,
  ..   PZA00417.3 = [31mcol_character()[39m,
  ..   PZA00419.1 = [31mcol_character()[39m,
  ..   PZA00420.4 = [31mcol_character()[39m,
  ..   PZA00422.2 = [31mcol_character()[39m,
  ..   PZA00422.5 = [31mcol_character()[39m,
  ..   PZA00422.6 = [31mcol_character()[39m,
  ..   PZA00423.16 = [31mcol_character()[39m,
  ..   PZA00423.17 = [31mcol_character()[39m,
  ..   PZA00424.1 = [31mcol_character()[39m,
  ..   PZA00425.4 = [31mcol_character()[39m,
  ..   PZA00425.9 = [31mcol_character()[39m,
  ..   PZA00429.1 = [31mcol_character()[39m,
  ..   PZA00433.5 = [31mcol_character()[39m,
  ..   PZA00436.7 = [31mcol_character()[39m,
  ..   PZA00439.6 = [31mcol_character()[39m,
  ..   PZA00440.1 = [31mcol_character()[39m,
  ..   PZA00442.3 = [31mcol_character()[39m,
  ..   PZA00442.4 = [31mcol_character()[39m,
  ..   PZA00442.5 = [31mcol_character()[39m,
  ..   PZA00442.6 = [31mcol_character()[39m,
  ..   PZA00444.1 = [31mcol_character()[39m,
  ..   PZA00444.5 = [31mcol_character()[39m,
  ..   PZA00445.18 = [31mcol_character()[39m,
  ..   PZA00449.2 = [31mcol_character()[39m,
  ..   PZA00452.4 = [31mcol_character()[39m,
  ..   PZA00458.6 = [31mcol_character()[39m,
  ..   PZA00459.5 = [31mcol_character()[39m,
  ..   PZA00460.3 = [31mcol_character()[39m,
  ..   PZA00460.5 = [31mcol_character()[39m,
  ..   PZA00460.7 = [31mcol_character()[39m,
  ..   PZA00462.2 = [31mcol_character()[39m,
  ..   PZA00463.3 = [31mcol_character()[39m,
  ..   PZA00466.1 = [31mcol_character()[39m,
  ..   PZA00468.11 = [31mcol_character()[39m,
  ..   PZA00468.7 = [31mcol_character()[39m,
  ..   PZA00470.1 = [31mcol_character()[39m,
  ..   PZA00471.2 = [31mcol_character()[39m,
  ..   PZA00471.3 = [31mcol_character()[39m,
  ..   PZA00471.4 = [31mcol_character()[39m,
  ..   PZA00472.2 = [31mcol_character()[39m,
  ..   PZA00477.10 = [31mcol_character()[39m,
  ..   PZA00477.11 = [31mcol_character()[39m,
  ..   PZA00477.5 = [31mcol_character()[39m,
  ..   PZA00477.9 = [31mcol_character()[39m,
  ..   PZA00478.10 = [31mcol_character()[39m,
  ..   PZA00478.11 = [31mcol_character()[39m,
  ..   PZA00478.7 = [31mcol_character()[39m,
  ..   PZA00478.9 = [31mcol_character()[39m,
  ..   PZA00480.10 = [31mcol_character()[39m,
  ..   PZA00481.7 = [31mcol_character()[39m,
  ..   PZA00484.5 = [31mcol_character()[39m,
  ..   PZA00485.2 = [31mcol_character()[39m,
  ..   PZA00486.2 = [31mcol_character()[39m,
  ..   PZA00487.16 = [31mcol_character()[39m,
  ..   PZA00487.24 = [31mcol_character()[39m,
  ..   PZA00487.26 = [31mcol_character()[39m,
  ..   PZA00489.1 = [31mcol_character()[39m,
  ..   PZA00493.1 = [31mcol_character()[39m,
  ..   PZA00493.2 = [31mcol_character()[39m,
  ..   PZA00493.5 = [31mcol_character()[39m,
  ..   PZA00495.3 = [31mcol_character()[39m,
  ..   PZA00495.4 = [31mcol_character()[39m,
  ..   PZA00495.6 = [31mcol_character()[39m,
  ..   PZA00496.1 = [31mcol_character()[39m,
  ..   PZA00497.1 = [31mcol_character()[39m,
  ..   PZA00497.4 = [31mcol_character()[39m,
  ..   PZA00498.4 = [31mcol_character()[39m,
  ..   PZA00499.10 = [31mcol_character()[39m,
  ..   PZA00499.12 = [31mcol_character()[39m,
  ..   PZA00499.3 = [31mcol_character()[39m,
  ..   PZA00501.12 = [31mcol_character()[39m,
  ..   PZA00501.14 = [31mcol_character()[39m,
  ..   PZA00502.5 = [31mcol_character()[39m,
  ..   PZA00503.5 = [31mcol_character()[39m,
  ..   PZA00504.1 = [31mcol_character()[39m,
  ..   PZA00504.2 = [31mcol_character()[39m,
  ..   PZA00505.4 = [31mcol_character()[39m,
  ..   PZA00505.8 = [31mcol_character()[39m,
  ..   PZA00510.2 = [31mcol_character()[39m,
  ..   PZA00510.3 = [31mcol_character()[39m,
  ..   PZA00514.1 = [31mcol_character()[39m,
  ..   PZA00514.6 = [31mcol_character()[39m,
  ..   PZA00514.7 = [31mcol_character()[39m,
  ..   PZA00515.14 = [31mcol_character()[39m,
  ..   PZA00516.3 = [31mcol_character()[39m,
  ..   PZA00517.6 = [31mcol_character()[39m,
  ..   PZA00522.12 = [31mcol_character()[39m,
  ..   PZA00523.2 = [31mcol_character()[39m,
  ..   PZA00525.16 = [31mcol_character()[39m,
  ..   PZA00525.2 = [31mcol_character()[39m,
  ..   PZA00527.6 = [31mcol_character()[39m,
  ..   PZA00527.9 = [31mcol_character()[39m,
  ..   PZA00529.3 = [31mcol_character()[39m,
  ..   PZA00531.1 = [31mcol_character()[39m,
  ..   PZA00533.3 = [31mcol_character()[39m,
  ..   PZA00533.4 = [31mcol_character()[39m,
  ..   PZA00533.5 = [31mcol_character()[39m,
  ..   PZA00533.6 = [31mcol_character()[39m,
  ..   PZA00534.2 = [31mcol_character()[39m,
  ..   PZA00536.2 = [31mcol_character()[39m,
  ..   PZA00538.12 = [31mcol_character()[39m,
  ..   PZA00538.16 = [31mcol_character()[39m,
  ..   PZA00538.8 = [31mcol_character()[39m,
  ..   PZA00543.2 = [31mcol_character()[39m,
  ..   PZA00543.4 = [31mcol_character()[39m,
  ..   PZA00543.5 = [31mcol_character()[39m,
  ..   PZA00545.21 = [31mcol_character()[39m,
  ..   PZA00545.22 = [31mcol_character()[39m,
  ..   PZA00545.4 = [31mcol_character()[39m,
  ..   PZA00547.13 = [31mcol_character()[39m,
  ..   PZA00547.18 = [31mcol_character()[39m,
  ..   PZA00552.4 = [31mcol_character()[39m,
  ..   PZA00560.1 = [31mcol_character()[39m,
  ..   PZA00560.2 = [31mcol_character()[39m,
  ..   PZA00562.4 = [31mcol_character()[39m,
  ..   PZA00565.3 = [31mcol_character()[39m,
  ..   PZA00566.5 = [31mcol_character()[39m,
  ..   PZA00568.19 = [31mcol_character()[39m,
  ..   PZA00573.3 = [31mcol_character()[39m,
  ..   PZA00578.1 = [31mcol_character()[39m,
  ..   PZA00579.6 = [31mcol_character()[39m,
  ..   PZA00582.4 = [31mcol_character()[39m,
  ..   PZA00586.1 = [31mcol_character()[39m,
  ..   PZA00587.3 = [31mcol_character()[39m,
  ..   PZA00587.6 = [31mcol_character()[39m,
  ..   PZA00588.2 = [31mcol_character()[39m,
  ..   PZA00588.4 = [31mcol_character()[39m,
  ..   PZA00589.10 = [31mcol_character()[39m,
  ..   PZA00589.8 = [31mcol_character()[39m,
  ..   PZA00589.9 = [31mcol_character()[39m,
  ..   PZA00593.2 = [31mcol_character()[39m,
  ..   PZA00595.3 = [31mcol_character()[39m,
  ..   PZA00600.11 = [31mcol_character()[39m,
  ..   PZA00603.1 = [31mcol_character()[39m,
  ..   PZA00608.1 = [31mcol_character()[39m,
  ..   PZA00608.5 = [31mcol_character()[39m,
  ..   PZA00610.18 = [31mcol_character()[39m,
  ..   PZA00610.9 = [31mcol_character()[39m,
  ..   PZA00613.22 = [31mcol_character()[39m,
  ..   PZA00614.12 = [31mcol_character()[39m,
  ..   PZA00615.3 = [31mcol_character()[39m,
  ..   PZA00615.6 = [31mcol_character()[39m,
  ..   PZA00615.8 = [31mcol_character()[39m,
  ..   PZA00617.16 = [31mcol_character()[39m,
  ..   PZA00618.22 = [31mcol_character()[39m,
  ..   PZA00620.2 = [31mcol_character()[39m,
  ..   PZA00621.2 = [31mcol_character()[39m,
  ..   PZA00622.1 = [31mcol_character()[39m,
  ..   PZA00622.2 = [31mcol_character()[39m,
  ..   PZA00623.2 = [31mcol_character()[39m,
  ..   PZA00626.3 = [31mcol_character()[39m,
  ..   PZA00626.4 = [31mcol_character()[39m,
  ..   PZA00630.9 = [31mcol_character()[39m,
  ..   PZA00636.5 = [31mcol_character()[39m,
  ..   PZA00636.6 = [31mcol_character()[39m,
  ..   PZA00637.4 = [31mcol_character()[39m,
  ..   PZA00639.12 = [31mcol_character()[39m,
  ..   PZA00639.13 = [31mcol_character()[39m,
  ..   PZA00639.15 = [31mcol_character()[39m,
  ..   PZA00641.7 = [31mcol_character()[39m,
  ..   PZA00641.8 = [31mcol_character()[39m,
  ..   PZA00644.11 = [31mcol_character()[39m,
  ..   PZA00647.9 = [31mcol_character()[39m,
  ..   PZA00650.8 = [31mcol_character()[39m,
  ..   PZA00654.10 = [31mcol_character()[39m,
  ..   PZA00654.12 = [31mcol_character()[39m,
  ..   PZA00655.1 = [31mcol_character()[39m,
  ..   PZA00656.15 = [31mcol_character()[39m,
  ..   PZA00656.16 = [31mcol_character()[39m,
  ..   PZA00656.18 = [31mcol_character()[39m,
  ..   PZA00656.4 = [31mcol_character()[39m,
  ..   PZA00658.19 = [31mcol_character()[39m,
  ..   PZA00658.23 = [31mcol_character()[39m,
  ..   PZA00662.3 = [31mcol_character()[39m,
  ..   PZA00665.6 = [31mcol_character()[39m,
  ..   PZA00667.1 = [31mcol_character()[39m,
  ..   PZA00672.6 = [31mcol_character()[39m,
  ..   PZA00672.8 = [31mcol_character()[39m,
  ..   PZA00673.2 = [31mcol_character()[39m,
  ..   PZA00674.3 = [31mcol_character()[39m,
  ..   PZA00676.2 = [31mcol_character()[39m,
  ..   PZA00680.1 = [31mcol_character()[39m,
  ..   PZA00680.3 = [31mcol_character()[39m,
  ..   PZA00682.2 = [31mcol_character()[39m,
  ..   PZA00684.12 = [31mcol_character()[39m,
  ..   PZA00686.8 = [31mcol_character()[39m,
  ..   PZA00692.5 = [31mcol_character()[39m,
  ..   PZA00693.3 = [31mcol_character()[39m,
  ..   PZA00695.1 = [31mcol_character()[39m,
  ..   PZA00698.4 = [31mcol_character()[39m,
  ..   PZA00700.3 = [31mcol_character()[39m,
  ..   PZA00704.11 = [31mcol_character()[39m,
  ..   PZA00705.5 = [31mcol_character()[39m,
  ..   PZA00706.16 = [31mcol_character()[39m,
  ..   PZA00710.1 = [31mcol_character()[39m,
  ..   PZA00710.16 = [31mcol_character()[39m,
  ..   PZA00712.4 = [31mcol_character()[39m,
  ..   PZA00715.3 = [31mcol_character()[39m,
  ..   PZA00717.14 = [31mcol_character()[39m,
  ..   PZA00719.1 = [31mcol_character()[39m,
  ..   PZA00719.2 = [31mcol_character()[39m,
  ..   PZA00719.3 = [31mcol_character()[39m,
  ..   PZA00720.2 = [31mcol_character()[39m,
  ..   PZA00720.3 = [31mcol_character()[39m,
  ..   PZA00721.4 = [31mcol_character()[39m,
  ..   PZA00721.5 = [31mcol_character()[39m,
  ..   PZA00725.4 = [31mcol_character()[39m,
  ..   PZA00726.6 = [31mcol_character()[39m,
  ..   PZA00726.7 = [31mcol_character()[39m,
  ..   PZA00726.9 = [31mcol_character()[39m,
  ..   PZA00727.11 = [31mcol_character()[39m,
  ..   PZA00727.12 = [31mcol_character()[39m,
  ..   PZA00729.18 = [31mcol_character()[39m,
  ..   PZA00729.19 = [31mcol_character()[39m,
  ..   PZA00730.2 = [31mcol_character()[39m,
  ..   PZA00731.6 = [31mcol_character()[39m,
  ..   PZA00731.7 = [31mcol_character()[39m,
  ..   PZA01104.1 = [31mcol_character()[39m,
  ..   PZA01149.1 = [31mcol_character()[39m,
  ..   PZA01149.3 = [31mcol_character()[39m,
  ..   PZA01182.1 = [31mcol_character()[39m,
  ..   PZA01240.1 = [31mcol_character()[39m,
  ..   PZA01240.2 = [31mcol_character()[39m,
  ..   PZA01420.1 = [31mcol_character()[39m,
  ..   PZA01420.2 = [31mcol_character()[39m,
  ..   PZA01420.3 = [31mcol_character()[39m,
  ..   PZA01474.2 = [31mcol_character()[39m,
  ..   PZA01637.2 = [31mcol_character()[39m,
  ..   PZA01637.3 = [31mcol_character()[39m,
  ..   PZA01637.4 = [31mcol_character()[39m,
  ..   PZA01725.1 = [31mcol_character()[39m,
  ..   PZA01725.2 = [31mcol_character()[39m,
  ..   PZA01782.2 = [31mcol_character()[39m,
  ..   PZA01782.3 = [31mcol_character()[39m,
  ..   PZA01782.4 = [31mcol_character()[39m,
  ..   PZA02789.31 = [31mcol_character()[39m,
  ..   PZA02789.36 = [31mcol_character()[39m,
  ..   PZA02791.6 = [31mcol_character()[39m,
  ..   PZA02792.16 = [31mcol_character()[39m,
  ..   PZA02792.9 = [31mcol_character()[39m,
  ..   PZA02806.4 = [31mcol_character()[39m,
  ..   PZA02806.9 = [31mcol_character()[39m,
  ..   PZA02807.5 = [31mcol_character()[39m,
  ..   PZA02808.12 = [31mcol_character()[39m,
  ..   PZA02808.16 = [31mcol_character()[39m,
  ..   PZA02819.35 = [31mcol_character()[39m,
  ..   PZA02820.6 = [31mcol_character()[39m,
  ..   PZA02822.2 = [31mcol_character()[39m,
  ..   PZA02824.1 = [31mcol_character()[39m,
  ..   PZA02824.3 = [31mcol_character()[39m,
  ..   PZA02825.8 = [31mcol_character()[39m,
  ..   PZA02831.5 = [31mcol_character()[39m,
  ..   PZA02837.5 = [31mcol_character()[39m,
  ..   PZA02844.1 = [31mcol_character()[39m,
  ..   PZA02850.18 = [31mcol_character()[39m,
  ..   PZA02850.4 = [31mcol_character()[39m,
  ..   PZA02853.10 = [31mcol_character()[39m,
  ..   PZA02853.7 = [31mcol_character()[39m,
  ..   PZA02856.1 = [31mcol_character()[39m,
  ..   PZA02862.3 = [31mcol_character()[39m,
  ..   PZA02865.11 = [31mcol_character()[39m,
  ..   PZA02869.2 = [31mcol_character()[39m,
  ..   PZA02869.8 = [31mcol_character()[39m,
  ..   PZA02872.1 = [31mcol_character()[39m,
  ..   PZA02872.3 = [31mcol_character()[39m,
  ..   PZA02878.12 = [31mcol_character()[39m,
  ..   PZA02888.3 = [31mcol_character()[39m,
  ..   PZA02890.3 = [31mcol_character()[39m,
  ..   PZA02890.4 = [31mcol_character()[39m,
  ..   PZA02890.5 = [31mcol_character()[39m,
  ..   PZA02894.1 = [31mcol_character()[39m,
  ..   PZA02897.12 = [31mcol_character()[39m,
  ..   PZA02906.12 = [31mcol_character()[39m,
  ..   PZA02906.7 = [31mcol_character()[39m,
  ..   PZA02921.9 = [31mcol_character()[39m,
  ..   PZA02923.7 = [31mcol_character()[39m,
  ..   PZA02927.1 = [31mcol_character()[39m,
  ..   PZA02938.5 = [31mcol_character()[39m,
  ..   PZA02939.6 = [31mcol_character()[39m,
  ..   PZA02940.3 = [31mcol_character()[39m,
  ..   PZA02941.3 = [31mcol_character()[39m,
  ..   PZA02941.6 = [31mcol_character()[39m,
  ..   PZA02941.8 = [31mcol_character()[39m,
  ..   PZA02947.2 = [31mcol_character()[39m,
  ..   PZA02948.19 = [31mcol_character()[39m,
  ..   PZA02948.21 = [31mcol_character()[39m,
  ..   PZA02948.22 = [31mcol_character()[39m,
  ..   PZA02949.22 = [31mcol_character()[39m,
  ..   PZA02949.26 = [31mcol_character()[39m,
  ..   PZA02952.10 = [31mcol_character()[39m,
  ..   PZA02954.2 = [31mcol_character()[39m,
  ..   PZA02955.3 = [31mcol_character()[39m,
  ..   PZA02958.17 = [31mcol_character()[39m,
  ..   PZA02959.7 = [31mcol_character()[39m,
  ..   PZA02961.1 = [31mcol_character()[39m,
  ..   PZA02962.13 = [31mcol_character()[39m,
  ..   PZA02963.5 = [31mcol_character()[39m,
  ..   PZA02966.11 = [31mcol_character()[39m,
  ..   PZA02968.4 = [31mcol_character()[39m,
  ..   PZA02969.11 = [31mcol_character()[39m,
  ..   PZA02970.9 = [31mcol_character()[39m,
  ..   PZA02972.1 = [31mcol_character()[39m,
  ..   PZA02982.5 = [31mcol_character()[39m,
  ..   PZA02982.6 = [31mcol_character()[39m,
  ..   PZA02983.38 = [31mcol_character()[39m,
  ..   PZA02984.7 = [31mcol_character()[39m,
  ..   PZA02988.2 = [31mcol_character()[39m,
  ..   PZA02993.5 = [31mcol_character()[39m,
  ..   PZA02997.16 = [31mcol_character()[39m,
  ..   PZA02997.19 = [31mcol_character()[39m,
  ..   PZA03001.15 = [31mcol_character()[39m,
  ..   PZA03001.18 = [31mcol_character()[39m,
  ..   PZA03001.9 = [31mcol_character()[39m,
  ..   PZA03009.5 = [31mcol_character()[39m,
  ..   PZA03009.6 = [31mcol_character()[39m,
  ..   PZA03009.7 = [31mcol_character()[39m,
  ..   PZA03009.8 = [31mcol_character()[39m,
  ..   PZA03011.6 = [31mcol_character()[39m,
  ..   PZA03012.10 = [31mcol_character()[39m,
  ..   PZA03013.7 = [31mcol_character()[39m,
  ..   PZA03013.8 = [31mcol_character()[39m,
  ..   PZA03014.10 = [31mcol_character()[39m,
  ..   PZA03014.21 = [31mcol_character()[39m,
  ..   PZA03014.24 = [31mcol_character()[39m,
  ..   PZA03017.10 = [31mcol_character()[39m,
  ..   PZA03017.11 = [31mcol_character()[39m,
  ..   PZA03024.16 = [31mcol_character()[39m,
  ..   PZA03024.18 = [31mcol_character()[39m,
  ..   PZA03024.7 = [31mcol_character()[39m,
  ..   PZA03028.5 = [31mcol_character()[39m,
  ..   PZA03032.16 = [31mcol_character()[39m,
  ..   PZA03034.1 = [31mcol_character()[39m,
  ..   PZA03035.5 = [31mcol_character()[39m,
  ..   PZA03037.8 = [31mcol_character()[39m,
  ..   PZA03037.9 = [31mcol_character()[39m,
  ..   PZA03041.8 = [31mcol_character()[39m,
  ..   PZA03042.1 = [31mcol_character()[39m,
  ..   PZA03042.5 = [31mcol_character()[39m,
  ..   PZA03046.2 = [31mcol_character()[39m,
  ..   PZA03046.3 = [31mcol_character()[39m,
  ..   PZA03047.12 = [31mcol_character()[39m,
  ..   PZA03047.20 = [31mcol_character()[39m,
  ..   PZA03047.22 = [31mcol_character()[39m,
  ..   PZA03048.16 = [31mcol_character()[39m,
  ..   PZA03048.17 = [31mcol_character()[39m,
  ..   PZA03049.23 = [31mcol_character()[39m,
  ..   PZA03051.1 = [31mcol_character()[39m,
  ..   PZA03051.3 = [31mcol_character()[39m,
  ..   PZA03052.15 = [31mcol_character()[39m,
  ..   PZA03054.3 = [31mcol_character()[39m,
  ..   PZA03054.5 = [31mcol_character()[39m,
  ..   PZA03058.17 = [31mcol_character()[39m,
  ..   PZA03062.15 = [31mcol_character()[39m,
  ..   PZA03062.7 = [31mcol_character()[39m,
  ..   PZA03063.17 = [31mcol_character()[39m,
  ..   PZA03063.18 = [31mcol_character()[39m,
  ..   PZA03064.6 = [31mcol_character()[39m,
  ..   PZA03067.17 = [31mcol_character()[39m,
  ..   PZA03067.20 = [31mcol_character()[39m,
  ..   PZA03068.11 = [31mcol_character()[39m,
  ..   PZA03068.13 = [31mcol_character()[39m,
  ..   PZA03069.6 = [31mcol_character()[39m,
  ..   PZA03073.23 = [31mcol_character()[39m,
  ..   PZA03073.24 = [31mcol_character()[39m,
  ..   PZA03074.24 = [31mcol_character()[39m,
  ..   PZA03078.33 = [31mcol_character()[39m,
  ..   PZA03081.1 = [31mcol_character()[39m,
  ..   PZA03081.10 = [31mcol_character()[39m,
  ..   PZA03081.11 = [31mcol_character()[39m,
  ..   PZA03081.13 = [31mcol_character()[39m,
  ..   PZA03081.6 = [31mcol_character()[39m,
  ..   PZA03083.7 = [31mcol_character()[39m,
  ..   PZA03089.12 = [31mcol_character()[39m,
  ..   PZA03090.31 = [31mcol_character()[39m,
  ..   PZA03092.7 = [31mcol_character()[39m,
  ..   PZA03094.18 = [31mcol_character()[39m,
  ..   PZA03094.6 = [31mcol_character()[39m,
  ..   PZA03095.1 = [31mcol_character()[39m,
  ..   PZA03095.2 = [31mcol_character()[39m,
  ..   PZA03095.3 = [31mcol_character()[39m,
  ..   PZA03097.4 = [31mcol_character()[39m,
  ..   PZA03097.7 = [31mcol_character()[39m,
  ..   PZA03097.9 = [31mcol_character()[39m,
  ..   PZA03102.10 = [31mcol_character()[39m,
  ..   PZA03102.2 = [31mcol_character()[39m,
  ..   PZA03102.9 = [31mcol_character()[39m,
  ..   PZA03137.1 = [31mcol_character()[39m,
  ..   PZA03172.2 = [31mcol_character()[39m,
  ..   PZA03223.3 = [31mcol_character()[39m,
  ..   PZA03258.2 = [31mcol_character()[39m,
  ..   PZA03283.2 = [31mcol_character()[39m,
  ..   PZA03284.3 = [31mcol_character()[39m,
  ..   PZA03290.1 = [31mcol_character()[39m,
  ..   PZA03290.2 = [31mcol_character()[39m,
  ..   PZA03295.4 = [31mcol_character()[39m,
  ..   PZA03296.6 = [31mcol_character()[39m,
  ..   PZA03296.7 = [31mcol_character()[39m,
  ..   PZA03298.1 = [31mcol_character()[39m,
  ..   PZA03298.2 = [31mcol_character()[39m,
  ..   PZA03301.2 = [31mcol_character()[39m,
  ..   PZA03301.4 = [31mcol_character()[39m,
  ..   PZA03302.1 = [31mcol_character()[39m,
  ..   PZA03305.6 = [31mcol_character()[39m,
  ..   PZA03305.7 = [31mcol_character()[39m,
  ..   PZA03311.2 = [31mcol_character()[39m,
  ..   PZA03311.3 = [31mcol_character()[39m,
  ..   PZA03311.4 = [31mcol_character()[39m,
  ..   PZA03311.5 = [31mcol_character()[39m,
  ..   PZA03312.1 = [31mcol_character()[39m,
  ..   PZA03312.2 = [31mcol_character()[39m,
  ..   PZA03316.2 = [31mcol_character()[39m,
  ..   PZA03317.1 = [31mcol_character()[39m,
  ..   PZA03319.3 = [31mcol_character()[39m,
  ..   PZA03319.4 = [31mcol_character()[39m,
  ..   PZA03320.3 = [31mcol_character()[39m,
  ..   PZA03320.4 = [31mcol_character()[39m,
  ..   PZA03328.5 = [31mcol_character()[39m,
  ..   PZA03329.1 = [31mcol_character()[39m,
  ..   PZA03329.2 = [31mcol_character()[39m,
  ..   PZA03333.3 = [31mcol_character()[39m,
  ..   PZA03335.2 = [31mcol_character()[39m,
  ..   PZA03335.3 = [31mcol_character()[39m,
  ..   PZA03337.1 = [31mcol_character()[39m,
  ..   PZA03338.5 = [31mcol_character()[39m,
  ..   PZA03340.2 = [31mcol_character()[39m,
  ..   PZA03342.2 = [31mcol_character()[39m,
  ..   PZA03344.4 = [31mcol_character()[39m,
  ..   PZA03344.5 = [31mcol_character()[39m,
  ..   PZA03344.6 = [31mcol_character()[39m,
  ..   PZA03345.1 = [31mcol_character()[39m,
  ..   PZA03345.2 = [31mcol_character()[39m,
  ..   PZA03345.4 = [31mcol_character()[39m,
  ..   PZA03347.1 = [31mcol_character()[39m,
  ..   PZA03348.1 = [31mcol_character()[39m,
  ..   PZA03349.1 = [31mcol_character()[39m,
  ..   PZA03349.9 = [31mcol_character()[39m,
  ..   PZA03767.1 = [31mcol_character()[39m,
  ..   PZA03767.4 = [31mcol_character()[39m,
  ..   PZA03767.5 = [31mcol_character()[39m,
  ..   PZA03773.2 = [31mcol_character()[39m,
  ..   PZA03773.3 = [31mcol_character()[39m,
  ..   PZA03774.1 = [31mcol_character()[39m,
  ..   PZA03774.10 = [31mcol_character()[39m,
  ..   PZA03774.2 = [31mcol_character()[39m,
  ..   PZA03774.4 = [31mcol_character()[39m,
  ..   PZA03774.5 = [31mcol_character()[39m,
  ..   PZA03774.6 = [31mcol_character()[39m,
  ..   PZA03774.8 = [31mcol_character()[39m,
  ..   PZA03774.9 = [31mcol_character()[39m,
  ..   PZA03775.1 = [31mcol_character()[39m,
  ..   PZA03775.11 = [31mcol_character()[39m,
  ..   PZA03775.2 = [31mcol_character()[39m,
  ..   PZA03775.3 = [31mcol_character()[39m,
  ..   PZA03775.4 = [31mcol_character()[39m,
  ..   PZA03775.6 = [31mcol_character()[39m,
  ..   PZA03775.7 = [31mcol_character()[39m,
  ..   PZA03775.8 = [31mcol_character()[39m,
  ..   PZA03775.9 = [31mcol_character()[39m,
  ..   PZA03781.1 = [31mcol_character()[39m,
  ..   PZA03781.2 = [31mcol_character()[39m,
  ..   PZA03781.3 = [31mcol_character()[39m,
  ..   PZA03781.4 = [31mcol_character()[39m,
  ..   PZA03781.5 = [31mcol_character()[39m,
  ..   PZA03781.6 = [31mcol_character()[39m,
  ..   PZA03781.7 = [31mcol_character()[39m,
  ..   PZA03781.8 = [31mcol_character()[39m,
  ..   PZA03782.1 = [31mcol_character()[39m,
  ..   PZA03782.3 = [31mcol_character()[39m,
  ..   PZA03786.1 = [31mcol_character()[39m,
  ..   PZA03786.2 = [31mcol_character()[39m,
  ..   PZA03789.1 = [31mcol_character()[39m,
  ..   PZA03789.2 = [31mcol_character()[39m,
  ..   PZA03789.4 = [31mcol_character()[39m,
  ..   PZB00011.4 = [31mcol_character()[39m,
  ..   PZB00011.5 = [31mcol_character()[39m,
  ..   PZB00041.2 = [31mcol_character()[39m,
  ..   PZB00041.4 = [31mcol_character()[39m,
  ..   PZB00049.2 = [31mcol_character()[39m,
  ..   PZB00049.4 = [31mcol_character()[39m,
  ..   PZB00049.7 = [31mcol_character()[39m,
  ..   PZB00055.1 = [31mcol_character()[39m,
  ..   PZB00060.4 = [31mcol_character()[39m,
  ..   PZB00062.6 = [31mcol_character()[39m,
  ..   PZB00062.7 = [31mcol_character()[39m,
  ..   PZB00062.8 = [31mcol_character()[39m,
  ..   PZB00067.2 = [31mcol_character()[39m,
  ..   PZB00067.3 = [31mcol_character()[39m,
  ..   PZB00067.4 = [31mcol_character()[39m,
  ..   PZB00067.5 = [31mcol_character()[39m,
  ..   PZB00078.1 = [31mcol_character()[39m,
  ..   PZB00081.2 = [31mcol_character()[39m,
  ..   PZB00081.4 = [31mcol_character()[39m,
  ..   PZB00081.5 = [31mcol_character()[39m,
  ..   PZB00081.7 = [31mcol_character()[39m,
  ..   PZB00092.1 = [31mcol_character()[39m,
  ..   PZB00092.4 = [31mcol_character()[39m,
  ..   PZB00093.3 = [31mcol_character()[39m,
  ..   PZB00093.4 = [31mcol_character()[39m,
  ..   PZB00093.6 = [31mcol_character()[39m,
  ..   PZB00096.2 = [31mcol_character()[39m,
  ..   PZB00096.3 = [31mcol_character()[39m,
  ..   PZB00136.3 = [31mcol_character()[39m,
  ..   PZB00140.1 = [31mcol_character()[39m,
  ..   PZB00145.2 = [31mcol_character()[39m,
  ..   PZB00149.2 = [31mcol_character()[39m,
  ..   PZB00149.4 = [31mcol_character()[39m,
  ..   PZB00153.1 = [31mcol_character()[39m,
  ..   PZB00153.2 = [31mcol_character()[39m,
  ..   PZB00153.3 = [31mcol_character()[39m,
  ..   PZB00153.5 = [31mcol_character()[39m,
  ..   PZB00160.1 = [31mcol_character()[39m,
  ..   PZB00160.2 = [31mcol_character()[39m,
  ..   PZB00160.4 = [31mcol_character()[39m,
  ..   PZB00165.2 = [31mcol_character()[39m,
  ..   PZB00165.6 = [31mcol_character()[39m,
  ..   PZB00169.4 = [31mcol_character()[39m,
  ..   PZB00169.6 = [31mcol_character()[39m,
  ..   PZB00175.1 = [31mcol_character()[39m,
  ..   PZB00175.2 = [31mcol_character()[39m,
  ..   PZB00175.3 = [31mcol_character()[39m,
  ..   PZB00175.4 = [31mcol_character()[39m,
  ..   PZB00175.5 = [31mcol_character()[39m,
  ..   PZB00180.1 = [31mcol_character()[39m,
  ..   PZB00180.2 = [31mcol_character()[39m,
  ..   PZB00183.3 = [31mcol_character()[39m,
  ..   PZB00188.6 = [31mcol_character()[39m,
  ..   PZB00207.3 = [31mcol_character()[39m,
  ..   PZB00221.3 = [31mcol_character()[39m,
  ..   PZB00221.8 = [31mcol_character()[39m,
  ..   PZB00229.3 = [31mcol_character()[39m,
  ..   PZB00232.1 = [31mcol_character()[39m,
  ..   PZB00232.2 = [31mcol_character()[39m,
  ..   PZB00232.4 = [31mcol_character()[39m,
  ..   PZB00232.5 = [31mcol_character()[39m,
  ..   PZB00379.3 = [31mcol_character()[39m,
  ..   PZB00379.4 = [31mcol_character()[39m,
  ..   PZB00379.5 = [31mcol_character()[39m,
  ..   PZB00393.7 = [31mcol_character()[39m,
  ..   PZB00409.3 = [31mcol_character()[39m,
  ..   PZB00416.2 = [31mcol_character()[39m,
  ..   PZB00416.5 = [31mcol_character()[39m,
  ..   PZB00454.2 = [31mcol_character()[39m,
  ..   PZB00454.3 = [31mcol_character()[39m,
  ..   PZB00454.4 = [31mcol_character()[39m,
  ..   PZB00454.5 = [31mcol_character()[39m,
  ..   PZB00498.2 = [31mcol_character()[39m,
  ..   PZB00498.4 = [31mcol_character()[39m,
  ..   PZB00598.1 = [31mcol_character()[39m,
  ..   PZB00598.2 = [31mcol_character()[39m,
  ..   PZB00603.3 = [31mcol_character()[39m,
  ..   PZB00603.4 = [31mcol_character()[39m,
  ..   PZB00603.5 = [31mcol_character()[39m,
  ..   PZB00607.2 = [31mcol_character()[39m,
  ..   PZB00761.1 = [31mcol_character()[39m,
  ..   PZB00761.2 = [31mcol_character()[39m,
  ..   PZB00849.2 = [31mcol_character()[39m,
  ..   PZB00849.3 = [31mcol_character()[39m,
  ..   PZB00849.4 = [31mcol_character()[39m,
  ..   PZB00859.1 = [31mcol_character()[39m,
  ..   PZB01109.2 = [31mcol_character()[39m,
  ..   PZB01109.3 = [31mcol_character()[39m,
  ..   PZB01110.1 = [31mcol_character()[39m,
  ..   PZB01110.2 = [31mcol_character()[39m,
  ..   PZB01110.3 = [31mcol_character()[39m,
  ..   PZB01111.6 = [31mcol_character()[39m,
  ..   PZB01111.7 = [31mcol_character()[39m,
  ..   PZB01111.8 = [31mcol_character()[39m,
  ..   PZB01112.3 = [31mcol_character()[39m,
  ..   PZB01112.4 = [31mcol_character()[39m,
  ..   PZB01112.5 = [31mcol_character()[39m,
  ..   PZB01112.6 = [31mcol_character()[39m,
  ..   PZB01113.4 = [31mcol_character()[39m,
  ..   PZB01114.1 = [31mcol_character()[39m,
  ..   PZB01114.3 = [31mcol_character()[39m,
  ..   PZB01115.1 = [31mcol_character()[39m,
  ..   PZB01115.5 = [31mcol_character()[39m,
  ..   PZB01115.6 = [31mcol_character()[39m,
  ..   PZB01116.2 = [31mcol_character()[39m,
  ..   PZB01221.1 = [31mcol_character()[39m,
  ..   PZB01222.1 = [31mcol_character()[39m,
  ..   PZB01222.3 = [31mcol_character()[39m,
  ..   PZB01223.3 = [31mcol_character()[39m,
  ..   PZB01223.4 = [31mcol_character()[39m,
  ..   PZB01223.7 = [31mcol_character()[39m,
  ..   PZB01225.1 = [31mcol_character()[39m,
  ..   PZB01225.2 = [31mcol_character()[39m,
  ..   PZB01225.4 = [31mcol_character()[39m,
  ..   PZB01228.1 = [31mcol_character()[39m,
  ..   PZB01228.3 = [31mcol_character()[39m,
  ..   PZB01228.4 = [31mcol_character()[39m,
  ..   PZB01233.2 = [31mcol_character()[39m,
  ..   PZB01233.3 = [31mcol_character()[39m,
  ..   PZB01238.5 = [31mcol_character()[39m,
  ..   PZB01238.6 = [31mcol_character()[39m,
  ..   PZB01427.1 = [31mcol_character()[39m,
  ..   PZB01427.3 = [31mcol_character()[39m,
  ..   PZB01463.2 = [31mcol_character()[39m,
  ..   PZB01463.3 = [31mcol_character()[39m,
  ..   PZB01463.4 = [31mcol_character()[39m,
  ..   PZD00003.1 = [31mcol_character()[39m,
  ..   PZD00003.3 = [31mcol_character()[39m,
  ..   PZD00007.1 = [31mcol_character()[39m,
  ..   PZD00008.3 = [31mcol_character()[39m,
  ..   PZD00011.1 = [31mcol_character()[39m,
  ..   PZD00011.3 = [31mcol_character()[39m,
  ..   PZD00011.4 = [31mcol_character()[39m,
  ..   PZD00012.1 = [31mcol_character()[39m,
  ..   PZD00012.2 = [31mcol_character()[39m,
  ..   PZD00012.3 = [31mcol_character()[39m,
  ..   PZD00012.4 = [31mcol_character()[39m,
  ..   PZD00012.5 = [31mcol_character()[39m,
  ..   PZD00013.3 = [31mcol_character()[39m,
  ..   PZD00013.4 = [31mcol_character()[39m,
  ..   PZD00014.3 = [31mcol_character()[39m,
  ..   PZD00017.1 = [31mcol_character()[39m,
  ..   PZD00019.1 = [31mcol_character()[39m,
  ..   PZD00020.2 = [31mcol_character()[39m,
  ..   PZD00020.3 = [31mcol_character()[39m,
  ..   PZD00020.4 = [31mcol_character()[39m,
  ..   PZD00020.6 = [31mcol_character()[39m,
  ..   PZD00021.2 = [31mcol_character()[39m,
  ..   PZD00021.4 = [31mcol_character()[39m,
  ..   PZD00021.5 = [31mcol_character()[39m,
  ..   PZD00022.1 = [31mcol_character()[39m,
  ..   PZD00022.3 = [31mcol_character()[39m,
  ..   PZD00022.4 = [31mcol_character()[39m,
  ..   PZD00024.2 = [31mcol_character()[39m,
  ..   PZD00025.1 = [31mcol_character()[39m,
  ..   PZD00025.2 = [31mcol_character()[39m,
  ..   PZD00030.1 = [31mcol_character()[39m,
  ..   PZD00030.4 = [31mcol_character()[39m,
  ..   PZD00030.5 = [31mcol_character()[39m,
  ..   PZD00030.6 = [31mcol_character()[39m,
  ..   PZD00034.3 = [31mcol_character()[39m,
  ..   PZD00043.1 = [31mcol_character()[39m,
  ..   PZD00043.2 = [31mcol_character()[39m,
  ..   PZD00043.3 = [31mcol_character()[39m,
  ..   PZD00043.4 = [31mcol_character()[39m,
  ..   PZD00044.2 = [31mcol_character()[39m,
  ..   PZD00044.3 = [31mcol_character()[39m,
  ..   PZD00044.4 = [31mcol_character()[39m,
  ..   PZD00045.1 = [31mcol_character()[39m,
  ..   PZD00045.2 = [31mcol_character()[39m,
  ..   PZD00045.3 = [31mcol_character()[39m,
  ..   PZD00045.4 = [31mcol_character()[39m,
  ..   PZD00049.3 = [31mcol_character()[39m,
  ..   PZD00049.4 = [31mcol_character()[39m,
  ..   PZD00049.5 = [31mcol_character()[39m,
  ..   PZD00051.1 = [31mcol_character()[39m,
  ..   PZD00052.3 = [31mcol_character()[39m,
  ..   PZD00052.4 = [31mcol_character()[39m,
  ..   PZD00062.2 = [31mcol_character()[39m,
  ..   PZD00066.1 = [31mcol_character()[39m,
  ..   PZD00067.1 = [31mcol_character()[39m,
  ..   PZD00067.2 = [31mcol_character()[39m,
  ..   PZD00067.3 = [31mcol_character()[39m,
  ..   PZD00068.1 = [31mcol_character()[39m,
  ..   PZD00069.2 = [31mcol_character()[39m,
  ..   PZD00069.3 = [31mcol_character()[39m,
  ..   PZD00069.4 = [31mcol_character()[39m,
  ..   PZD00069.5 = [31mcol_character()[39m,
  ..   PZD00073.1 = [31mcol_character()[39m,
  ..   PZD00073.2 = [31mcol_character()[39m,
  ..   PZD00073.6 = [31mcol_character()[39m,
  ..   PZD00074.1 = [31mcol_character()[39m,
  ..   PZD00075.1 = [31mcol_character()[39m,
  ..   PZD00075.2 = [31mcol_character()[39m,
  ..   PZD00076.1 = [31mcol_character()[39m,
  ..   PZD00076.2 = [31mcol_character()[39m,
  ..   PZD00076.4 = [31mcol_character()[39m,
  ..   PZD00077.10 = [31mcol_character()[39m,
  ..   PZD00077.5 = [31mcol_character()[39m,
  ..   PZD00077.7 = [31mcol_character()[39m,
  ..   PZD00077.8 = [31mcol_character()[39m,
  ..   PZD00078.2 = [31mcol_character()[39m,
  ..   Ra2_ORF.1 = [31mcol_character()[39m,
  ..   Ra2_ORF.2 = [31mcol_character()[39m,
  ..   Ra2_ORF.4 = [31mcol_character()[39m,
  ..   Ra2_promoter.1 = [31mcol_character()[39m,
  ..   Ra2_promoter.2 = [31mcol_character()[39m,
  ..   Ra2_promoter.3 = [31mcol_character()[39m,
  ..   sh2.5 = [31mcol_character()[39m,
  ..   sh2.6 = [31mcol_character()[39m,
  ..   sh2.7 = [31mcol_character()[39m,
  ..   sh2.9 = [31mcol_character()[39m,
  ..   su1.4 = [31mcol_character()[39m,
  ..   su1.5 = [31mcol_character()[39m,
  ..   su1.7 = [31mcol_character()[39m,
  ..   tb1.17 = [31mcol_character()[39m,
  ..   tb1.18 = [31mcol_character()[39m,
  ..   tb1.19 = [31mcol_character()[39m,
  ..   tb1.5 = [31mcol_character()[39m,
  ..   te1.3 = [31mcol_character()[39m,
  ..   te1.4 = [31mcol_character()[39m,
  ..   zagl1.1 = [31mcol_character()[39m,
  ..   zagl1.6 = [31mcol_character()[39m,
  ..   zap1.2 = [31mcol_character()[39m,
  ..   zen1.1 = [31mcol_character()[39m,
  ..   zen1.2 = [31mcol_character()[39m,
  ..   zen1.4 = [31mcol_character()[39m,
  ..   zfl2.6 = [31mcol_character()[39m,
  ..   zmm3.4 = [31mcol_character()[39m
  .. )"
"1",""
"1","
"
"1"," "
"1",""
"1","- attr(*, ""problems"")="
"1","<externalptr> "
"1",""
"1",""
"1",""
"1","
"
"0","str(snp_positions)"
"1","spc_tbl_ [983 × 15]"
"1",""
"1"," (S3: "
"1",""
"1","spec_tbl_df/tbl_df/tbl/data.frame"
"1",""
"1",")"
"1",""
"1","
"
"1"," "
"1",""
"1","$ "
"1",""
"1","SNP_ID              "
"1",""
"1",":"
"1"," chr [1:983] "
"1",""
"1","""abph1.20"" ""abph1.22"" ""ae1.3"" ""ae1.4"""
"1",""
"1"," ..."
"1",""
"1","
"
"1"," "
"1",""
"1","$ "
"1",""
"1","cdv_marker_id       "
"1",""
"1",":"
"1"," num [1:983] "
"1",""
"1","5976 5978 6605 6606 6607"
"1",""
"1"," ..."
"1",""
"1","
"
"1"," "
"1",""
"1","$ "
"1",""
"1","Chromosome          "
"1",""
"1",":"
"1"," chr [1:983] "
"1",""
"1","""2"" ""2"" ""5"" ""5"""
"1",""
"1"," ..."
"1",""
"1","
"
"1"," "
"1",""
"1","$ "
"1",""
"1","Position            "
"1",""
"1",":"
"1"," chr [1:983] "
"1",""
"1","""27403404"" ""27403892"" ""167889790"" ""167889682"""
"1",""
"1"," ..."
"1",""
"1","
"
"1"," "
"1",""
"1","$ "
"1",""
"1","alt_pos             "
"1",""
"1",":"
"1"," chr [1:983] "
"1",""
"1","NA NA NA NA"
"1",""
"1"," ..."
"1",""
"1","
"
"1"," "
"1",""
"1","$ "
"1",""
"1","mult_positions      "
"1",""
"1",":"
"1"," chr [1:983] "
"1",""
"1","NA NA NA NA"
"1",""
"1"," ..."
"1",""
"1","
"
"1"," "
"1",""
"1","$ "
"1",""
"1","amplicon            "
"1",""
"1",":"
"1"," chr [1:983] "
"1",""
"1","""abph1"" ""abph1"" ""ae1"" ""ae1"""
"1",""
"1"," ..."
"1",""
"1","
"
"1"," "
"1",""
"1","$ "
"1",""
"1","cdv_map_feature.name"
"1",""
"1",":"
"1"," chr [1:983] "
"1",""
"1","""AB042260"" ""AB042260"" ""ae1"" ""ae1"""
"1",""
"1"," ..."
"1",""
"1","
"
"1"," "
"1",""
"1","$ "
"1",""
"1","gene                "
"1",""
"1",":"
"1"," chr [1:983] "
"1",""
"1","""abph1"" ""abph1"" ""ae1"" ""ae1"""
"1",""
"1"," ..."
"1",""
"1","
"
"1"," "
"1",""
"1","$ "
"1",""
"1","candidate/random    "
"1",""
"1",":"
"1"," chr [1:983] "
"1",""
"1","""candidate"" ""candidate"" ""candidate"" ""candidate"""
"1",""
"1"," ..."
"1",""
"1","
"
"1"," "
"1",""
"1","$ "
"1",""
"1","Genaissance_daa_id  "
"1",""
"1",":"
"1"," num [1:983] "
"1",""
"1","8393 8394 8395 8396 8397"
"1",""
"1"," ..."
"1",""
"1","
"
"1"," "
"1",""
"1","$ "
"1",""
"1","Sequenom_daa_id     "
"1",""
"1",":"
"1"," num [1:983] "
"1",""
"1","10474 10475 10477 10478 10479"
"1",""
"1"," ..."
"1",""
"1","
"
"1"," "
"1",""
"1","$ "
"1",""
"1","count_amplicons     "
"1",""
"1",":"
"1"," num [1:983] "
"1",""
"1","1 0 1 0 0 1 1 0 1 0"
"1",""
"1"," ..."
"1",""
"1","
"
"1"," "
"1",""
"1","$ "
"1",""
"1","count_cmf           "
"1",""
"1",":"
"1"," num [1:983] "
"1",""
"1","1 0 1 0 0 1 0 0 1 0"
"1",""
"1"," ..."
"1",""
"1","
"
"1"," "
"1",""
"1","$ "
"1",""
"1","count_gene          "
"1",""
"1",":"
"1"," num [1:983] "
"1",""
"1","1 0 1 0 0 1 1 0 1 0"
"1",""
"1"," ..."
"1",""
"1","
"
"1"," "
"1",""
"1","- attr(*, ""spec"")="
"1","
"
"1",""
"1","  .. cols(
  ..   SNP_ID = [31mcol_character()[39m,
  ..   cdv_marker_id = [32mcol_double()[39m,
  ..   Chromosome = [31mcol_character()[39m,
  ..   Position = [31mcol_character()[39m,
  ..   alt_pos = [31mcol_character()[39m,
  ..   mult_positions = [31mcol_character()[39m,
  ..   amplicon = [31mcol_character()[39m,
  ..   cdv_map_feature.name = [31mcol_character()[39m,
  ..   gene = [31mcol_character()[39m,
  ..   `candidate/random` = [31mcol_character()[39m,
  ..   Genaissance_daa_id = [32mcol_double()[39m,
  ..   Sequenom_daa_id = [32mcol_double()[39m,
  ..   count_amplicons = [32mcol_double()[39m,
  ..   count_cmf = [32mcol_double()[39m,
  ..   count_gene = [32mcol_double()[39m
  .. )"
"1",""
"1","
"
"1"," "
"1",""
"1","- attr(*, ""problems"")="
"1","<externalptr> "
"1",""
"1",""
"1",""
"1","
"
"0","head(genotypes)"
